[PAD]	0
[UNK]	1
.	2
the	3
,	4
to	5
and	6
of	7
a	8
'	9
is	10
in	11
that	12
"	13
-	14
it	15
i	16
you	17
for	18
s	19
?	20
are	21
not	22
on	23
be	24
have	25
t	26
they	27
this	28
with	29
as	30
was	31
/	32
or	33
we	34
but	35
he	36
!	37
all	38
if	39
what	40
will	41
their	42
by	43
so	44
who	45
at	46
from	47
no	48
your	49
can	50
people	51
)	52
do	53
would	54
about	55
has	56
there	57
(	58
an	59
his	60
more	61
just	62
one	63
like	64
trump	65
out	66
:	67
when	68
up	69
how	70
our	71
don	72
them	73
my	74
get	75
than	76
should	77
us	78
were	79
any	80
only	81
been	82
time	83
other	84
some	85
because	86
think	87
those	88
now	89
why	90
many	91
right	92
good	93
even	94
know	95
which	96
then	97
had	98
see	99
me	100
years	101
being	102
over	103
did	104
much	105
these	106
make	107
she	108
most	109
well	110
government	111
way	112
state	113
tax	114
him	115
re	116
here	117
could	118
need	119
m	120
want	121
her	122
also	123
where	124
go	125
$	126
into	127
very	128
does	129
money	130
too	131
%	132
going	133
same	134
canada	135
never	136
its	137
really	138
say	139
own	140
back	141
after	142
take	143
new	144
first	145
said	146
world	147
public	148
;	149
every	150
country	151
pay	152
work	153
nothing	154
down	155
year	156
doesn	157
better	158
still	159
such	160
may	161
another	162
while	163
_	164
let	165
law	166
use	167
two	168
before	169
made	170
am	171
1	172
news	173
point	174
care	175
president	176
&	177
great	178
off	179
against	180
both	181
actually	182
believe	183
come	184
life	185
long	186
ve	187
without	188
article	189
problem	190
didn	191
left	192
thing	193
things	194
2	195
sure	196
last	197
party	198
fact	199
someone	200
anything	201
real	202
something	203
look	204
since	205
bad	206
little	207
change	208
oil	209
man	210
white	211
big	212
day	213
yes	214
ll	215
again	216
got	217
part	218
put	219
read	220
free	221
maybe	222
support	223
keep	224
always	225
d	226
far	227
must	228
obama	229
person	230
doing	231
help	232
less	233
best	234
anyone	235
give	236
political	237
ever	238
taxes	239
under	240
system	241
done	242
won	243
isn	244
women	245
find	246
job	247
vote	248
already	249
health	250
lot	251
business	252
media	253
might	254
yet	255
enough	256
around	257
agree	258
least	259
american	260
needs	261
through	262
used	263
issue	264
wrong	265
alaska	266
church	267
trudeau	268
canadian	269
3	270
few	271
stop	272
others	273
comment	274
away	275
place	276
power	277
america	278
com	279
high	280
mr	281
next	282
city	283
seems	284
www	285
states	286
old	287
children	288
true	289
election	290
income	291
liberal	292
etc	293
everyone	294
god	295
live	296
course	297
reason	298
case	299
post	300
5	301
making	302
cost	303
home	304
family	305
makes	306
house	307
million	308
000	309
until	310
war	311
comments	312
trying	313
different	314
u	315
having	316
today	317
hope	318
try	319
getting	320
working	321
end	322
run	323
times	324
called	325
liberals	326
between	327
10	328
either	329
tell	330
federal	331
hillary	332
please	333
probably	334
story	335
understand	336
ago	337
instead	338
matter	339
hard	340
history	341
mean	342
http	343
jobs	344
school	345
clinton	346
else	347
however	348
thought	349
says	350
saying	351
show	352
simply	353
based	354
start	355
feel	356
means	357
police	358
4	359
rights	360
love	361
past	362
once	363
americans	364
guy	365
oh	366
paid	367
cannot	368
given	369
china	370
non	371
bill	372
name	373
rather	374
though	375
current	376
opinion	377
*	378
question	379
poor	380
everything	381
republicans	382
social	383
perhaps	384
kids	385
republican	386
themselves	387
truth	388
during	389
days	390
idea	391
laws	392
call	393
per	394
small	395
democrats	396
military	397
court	398
facts	399
move	400
sense	401
human	402
men	403
line	404
each	405
number	406
evidence	407
issues	408
become	409
rest	410
hate	411
community	412
canadians	413
class	414
office	415
=	416
https	417
buy	418
citizens	419
deal	420
hawaii	421
illegal	422
continue	423
countries	424
national	425
education	426
thanks	427
using	428
paying	429
private	430
water	431
lost	432
self	433
kind	434
majority	435
game	436
act	437
exactly	438
guess	439
likely	440
pretty	441
control	442
rate	443
example	444
gun	445
seem	446
taking	447
full	448
legal	449
especially	450
thank	451
wants	452
black	453
clear	454
20	455
insurance	456
plan	457
able	458
including	459
local	460
comes	461
gas	462
service	463
whether	464
companies	465
folks	466
level	467
whole	468
donald	469
low	470
wonder	471
anti	472
remember	473
child	474
economy	475
order	476
side	477
costs	478
market	479
nation	480
often	481
climate	482
dollars	483
campaign	484
company	485
future	486
important	487
word	488
living	489
aren	490
words	491
foreign	492
crime	493
mind	494
russia	495
seen	496
due	497
term	498
wouldn	499
young	500
coming	501
open	502
land	503
middle	504
elected	505
found	506
quite	507
woman	508
almost	509
civil	510
policy	511
watch	512
cut	513
face	514
goes	515
group	516
went	517
claim	518
politics	519
reality	520
single	521
took	522
catholic	523
industry	524
speech	525
top	526
economic	527
provide	528
talking	529
50	530
lives	531
religious	532
spending	533
happen	534
society	535
conservative	536
higher	537
interest	538
car	539
nice	540
information	541
sad	542
win	543
certainly	544
e	545
talk	546
death	547
interesting	548
racist	549
gets	550
common	551
looking	552
thinking	553
correct	554
worse	555
united	556
voted	557
longer	558
personal	559
process	560
wasn	561
behind	562
team	563
three	564
told	565
voters	566
along	567
ask	568
lack	569
population	570
bc	571
happened	572
large	573
allowed	574
trade	575
budget	576
clearly	577
head	578
leave	579
bit	580
choice	581
north	582
hand	583
fake	584
price	585
services	586
came	587
play	588
rail	589
stay	590
bring	591
immigration	592
property	593
hear	594
lower	595
millions	596
ones	597
politicians	598
fund	599
guns	600
problems	601
8	602
100	603
food	604
jesus	605
reading	606
blame	607
housing	608
30	609
heard	610
sorry	611
wait	612
6	613
half	614
answer	615
rich	616
unless	617
+	618
except	619
cause	620
criminal	621
sounds	622
within	623
difference	624
justice	625
set	626
billion	627
list	628
prices	629
running	630
spend	631
usa	632
o	633
possible	634
wanted	635
increase	636
race	637
second	638
experience	639
taken	640
workers	641
disagree	642
entire	643
harper	644
south	645
#	646
7	647
position	648
schools	649
attack	650
ontario	651
absolutely	652
decision	653
expect	654
rates	655
simple	656
friends	657
general	658
members	659
students	660
global	661
value	662
area	663
argument	664
fair	665
lol	666
respect	667
rules	668
view	669
asked	670
c	671
turn	672
completely	673
g	674
obviously	675
parents	676
2016	677
situation	678
speak	679
knows	680
actions	681
debt	682
yourself	683
2017	684
happy	685
needed	686
security	687
statement	688
stupid	689
building	690
candidate	691
outside	692
russian	693
kill	694
democratic	695
nor	696
administration	697
close	698
himself	699
hold	700
yeah	701
carbon	702
energy	703
itself	704
mention	705
religion	706
whatever	707
guys	708
months	709
sell	710
violence	711
john	712
wow	713
congress	714
decades	715
report	716
soon	717
special	718
works	719
15	720
doubt	721
gave	722
sexual	723
wish	724
according	725
age	726
consider	727
lose	728
ok	729
safe	730
stand	731
worked	732
fine	733
gop	734
lies	735
none	736
points	737
result	738
several	739
spent	740
40	741
calling	742
create	743
false	744
looks	745
week	746
above	747
action	748
couldn	749
democracy	750
project	751
record	752
science	753
seriously	754
voting	755
families	756
homeless	757
share	758
allow	759
benefits	760
check	761
college	762
corporate	763
follow	764
involved	765
chinese	766
funny	767
gone	768
muslim	769
research	770
thousands	771
together	772
huge	773
serious	774
street	775
employees	776
alone	777
dog	778
fire	779
immigrants	780
later	781
major	782
stuff	783
build	784
cars	785
known	786
medical	787
pass	788
short	789
shows	790
force	791
numbers	792
response	793
worst	794
benefit	795
created	796
finally	797
lie	798
program	799
among	800
democrat	801
former	802
giving	803
globe	804
shot	805
started	806
wall	807
learn	808
protect	809
road	810
source	811
fear	812
freedom	813
funding	814
groups	815
justin	816
otherwise	817
save	818
air	819
average	820
nobody	821
risk	822
union	823
worth	824
apparently	825
certain	826
data	827
responsible	828
takes	829
truly	830
alaskans	831
amount	832
charge	833
investigation	834
knew	835
leader	836
realize	837
type	838
add	839
anyway	840
constitution	841
light	842
reasons	843
votes	844
ways	845
12	846
b	847
christian	848
conservatives	849
financial	850
forget	851
further	852
killed	853
lead	854
racism	855
supporters	856
values	857
hit	858
indeed	859
profit	860
senate	861
couple	862
early	863
judge	864
policies	865
putin	866
sound	867
upon	868
waste	869
wing	870
abuse	871
governor	872
mass	873
piece	874
across	875
native	876
actual	877
agenda	878
easy	879
fight	880
form	881
haven	882
ndp	883
return	884
saw	885
available	886
changed	887
legislature	888
natural	889
similar	890
willing	891
25	892
ban	893
bank	894
individual	895
sex	896
board	897
chance	898
drug	899
happens	900
considered	901
hands	902
lots	903
pro	904
cases	905
culture	906
earth	907
governments	908
late	909
pope	910
solution	911
break	912
sector	913
attempt	914
beyond	915
step	916
teaching	917
unfortunately	918
w	919
attention	920
four	921
parties	922
failed	923
leaders	924
teachers	925
9	926
cover	927
defense	928
nations	929
write	930
access	931
afford	932
oregon	933
toronto	934
trust	935
bet	936
gov	937
mayor	938
sort	939
wife	940
behavior	941
brought	942
dead	943
night	944
owners	945
responsibility	946
suggest	947
west	948
anchorage	949
areas	950
county	951
drive	952
revenue	953
supposed	954
]	955
born	956
loss	957
org	958
room	959
[	960
built	961
corrupt	962
die	963
leadership	964
neither	965
sales	966
study	967
demand	968
east	969
fix	970
friend	971
ms	972
muslims	973
questions	974
clean	975
despite	976
father	977
gay	978
mother	979
period	980
pm	981
press	982
stated	983
written	984
figure	985
forward	986
hours	987
resources	988
un	989
boy	990
healthcare	991
korea	992
pick	993
recent	994
total	995
totally	996
welfare	997
assault	998
businesses	999
front	1000
ground	1001
necessary	1002
passed	1003
results	1004
shouldn	1005
taxpayers	1006
traffic	1007
tried	1008
choose	1009
imagine	1010
mexico	1011
places	1012
r	1013
raise	1014
staff	1015
11	1016
corporations	1017
department	1018
expensive	1019
minister	1020
murder	1021
nonsense	1022
offer	1023
treatment	1024
wealth	1025
alberta	1026
hey	1027
>	1028
discussion	1029
exist	1030
faith	1031
funds	1032
interests	1033
management	1034
recently	1035
required	1036
weapons	1037
zero	1038
although	1039
base	1040
easily	1041
held	1042
knowledge	1043
male	1044
playing	1045
university	1046
buying	1047
international	1048
killing	1049
levels	1050
month	1051
washington	1052
forced	1053
green	1054
moral	1055
refugees	1056
ridiculous	1057
safety	1058
sometimes	1059
council	1060
driving	1061
eugene	1062
explain	1063
nuclear	1064
paul	1065
standard	1066
subject	1067
avoid	1068
changes	1069
elections	1070
francis	1071
grow	1072
increased	1073
regardless	1074
send	1075
sign	1076
status	1077
strong	1078
victims	1079
candidates	1080
claims	1081
environment	1082
infrastructure	1083
jail	1084
meeting	1085
posts	1086
present	1087
quebec	1088
citizen	1089
enjoy	1090
equal	1091
hasn	1092
ignore	1093
keeping	1094
telling	1095
town	1096
abortion	1097
accept	1098
book	1099
chief	1100
christians	1101
dangerous	1102
dollar	1103
five	1104
growth	1105
investment	1106
lying	1107
obvious	1108
programs	1109
site	1110
third	1111
walker	1112
author	1113
evil	1114
link	1115
mostly	1116
myself	1117
plus	1118
space	1119
suspect	1120
walk	1121
bishops	1122
cities	1123
daily	1124
drugs	1125
fault	1126
gary	1127
near	1128
note	1129
previous	1130
proof	1131
worry	1132
ability	1133
account	1134
ahead	1135
assume	1136
basic	1137
billions	1138
bush	1139
complete	1140
honest	1141
pfd	1142
remain	1143
retirement	1144
sides	1145
views	1146
appears	1147
articles	1148
border	1149
cash	1150
fired	1151
guilty	1152
impact	1153
include	1154
lived	1155
massive	1156
personally	1157
popular	1158
reasonable	1159
sick	1160
beat	1161
caused	1162
currently	1163
decisions	1164
europe	1165
focus	1166
fun	1167
hell	1168
individuals	1169
mess	1170
opportunity	1171
possibly	1172
reduce	1173
rule	1174
season	1175
somehow	1176
concern	1177
hopefully	1178
ignorant	1179
minimum	1180
regarding	1181
smart	1182
stories	1183
usually	1184
decided	1185
development	1186
effect	1187
fall	1188
hundreds	1189
joke	1190
language	1191
mental	1192
peace	1193
red	1194
therefore	1195
anymore	1196
bunch	1197
corruption	1198
glad	1199
hurt	1200
innocent	1201
member	1202
nature	1203
original	1204
son	1205
supreme	1206
v	1207
waiting	1208
60	1209
authority	1210
cuts	1211
debate	1212
fully	1213
homes	1214
ignorance	1215
mine	1216
moving	1217
negative	1218
particular	1219
percent	1220
travel	1221
amendment	1222
bought	1223
event	1224
prime	1225
attacks	1226
effort	1227
ideas	1228
paper	1229
perfect	1230
prove	1231
require	1232
sold	1233
speaking	1234
terrorist	1235
threat	1236
wage	1237
2015	1238
al	1239
alternative	1240
approach	1241
concerned	1242
credit	1243
hour	1244
mentioned	1245
page	1246
primary	1247
progressive	1248
reported	1249
seeing	1250
understanding	1251
watching	1252
basis	1253
capital	1254
co	1255
coverage	1256
definition	1257
flag	1258
main	1259
thus	1260
wrote	1261
apply	1262
body	1263
count	1264
decide	1265
defend	1266
difficult	1267
enforcement	1268
english	1269
failure	1270
obamacare	1271
pot	1272
prefer	1273
shooting	1274
student	1275
supply	1276
surprised	1277
thinks	1278
tv	1279
vehicle	1280
0	1281
asking	1282
aware	1283
biggest	1284
damage	1285
fiscal	1286
fuel	1287
israel	1288
moved	1289
planet	1290
prevent	1291
propaganda	1292
residents	1293
russians	1294
somewhere	1295
terms	1296
video	1297
western	1298
bs	1299
comey	1300
criminals	1301
deserve	1302
died	1303
listen	1304
message	1305
quality	1306
voter	1307
alcohol	1308
coal	1309
cops	1310
following	1311
notice	1312
players	1313
putting	1314
review	1315
section	1316
sources	1317
standards	1318
warming	1319
writing	1320
address	1321
cares	1322
crimes	1323
double	1324
fish	1325
happening	1326
kid	1327
legislation	1328
luck	1329
opinions	1330
option	1331
receive	1332
shown	1333
towards	1334
whose	1335
bottom	1336
center	1337
century	1338
eventually	1339
excellent	1340
highly	1341
intelligence	1342
sent	1343
statements	1344
whom	1345
bigger	1346
deep	1347
drop	1348
educated	1349
female	1350
gender	1351
officials	1352
permanent	1353
plans	1354
profits	1355
proven	1356
test	1357
trouble	1358
welcome	1359
door	1360
electoral	1361
fail	1362
field	1363
google	1364
heart	1365
humans	1366
lets	1367
marijuana	1368
modern	1369
n	1370
owned	1371
owner	1372
size	1373
straight	1374
turned	1375
usual	1376
adn	1377
became	1378
california	1379
consequences	1380
considering	1381
fast	1382
fighting	1383
khadr	1384
mistake	1385
positive	1386
potential	1387
practice	1388
protest	1389
role	1390
supporting	1391
tough	1392
training	1393
500	1394
dogs	1395
drivers	1396
influence	1397
interested	1398
matters	1399
meant	1400
products	1401
province	1402
serve	1403
vancouver	1404
wealthy	1405
@	1406
baby	1407
below	1408
christ	1409
compared	1410
effective	1411
extra	1412
fan	1413
knowing	1414
organization	1415
p	1416
played	1417
rent	1418
rid	1419
victim	1420
weren	1421
16	1422
crazy	1423
denver	1424
disaster	1425
estate	1426
games	1427
goal	1428
growing	1429
key	1430
learned	1431
math	1432
officers	1433
quickly	1434
rise	1435
starting	1436
stock	1437
terrorists	1438
aca	1439
btw	1440
charges	1441
directly	1442
eat	1443
ha	1444
harm	1445
limited	1446
lines	1447
narrative	1448
official	1449
opposed	1450
posting	1451
prior	1452
protection	1453
received	1454
sanders	1455
served	1456
standing	1457
star	1458
success	1459
appear	1460
catholics	1461
dems	1462
favor	1463
fbi	1464
led	1465
minority	1466
park	1467
provided	1468
removed	1469
selling	1470
senator	1471
alaskan	1472
appropriate	1473
committed	1474
destroy	1475
everybody	1476
fly	1477
html	1478
king	1479
leading	1480
looked	1481
meet	1482
merely	1483
parking	1484
significant	1485
surely	1486
throw	1487
14	1488
200	1489
35	1490
80	1491
armed	1492
bus	1493
constitutional	1494
football	1495
holding	1496
ice	1497
immediately	1498
internet	1499
leaving	1500
missing	1501
net	1502
plenty	1503
prison	1504
production	1505
proud	1506
sentence	1507
shut	1508
stopped	1509
systems	1510
target	1511
vehicles	1512
winning	1513
carry	1514
colorado	1515
doctors	1516
events	1517
f	1518
hawaiian	1519
helping	1520
island	1521
morning	1522
posted	1523
presidential	1524
projects	1525
reporting	1526
solar	1527
specific	1528
topic	1529
18	1530
agreed	1531
beliefs	1532
brain	1533
ca	1534
career	1535
caught	1536
eyes	1537
fellow	1538
generation	1539
idiot	1540
model	1541
offered	1542
parts	1543
related	1544
terrible	1545
70	1546
`	1547
amazing	1548
begin	1549
birth	1550
coast	1551
conditions	1552
context	1553
extreme	1554
fans	1555
fit	1556
fraud	1557
included	1558
iraq	1559
keeps	1560
kept	1561
lawyers	1562
losing	1563
nearly	1564
presidency	1565
raised	1566
recall	1567
remove	1568
showing	1569
sitting	1570
tired	1571
visit	1572
weeks	1573
afraid	1574
belief	1575
continues	1576
critical	1577
islam	1578
pension	1579
pre	1580
product	1581
pure	1582
reports	1583
requires	1584
violent	1585
york	1586
youtube	1587
13	1588
allows	1589
angry	1590
balance	1591
communities	1592
contract	1593
courts	1594
crisis	1595
crowd	1596
germany	1597
ignored	1598
movement	1599
okay	1600
quote	1601
allowing	1602
bias	1603
bills	1604
blind	1605
caldwell	1606
cross	1607
eye	1608
fox	1609
funded	1610
gives	1611
hospital	1612
largest	1613
limit	1614
mail	1615
phone	1616
positions	1617
professional	1618
six	1619
st	1620
uk	1621
attitude	1622
broken	1623
definitely	1624
environmental	1625
garbage	1626
hatred	1627
holy	1628
improve	1629
independent	1630
inside	1631
missed	1632
multiple	1633
pays	1634
promise	1635
quit	1636
ran	1637
shame	1638
studies	1639
supported	1640
syria	1641
taxpayer	1642
teams	1643
wages	1644
agreement	1645
animals	1646
anywhere	1647
brother	1648
dumb	1649
easier	1650
fees	1651
greater	1652
increasing	1653
miss	1654
normal	1655
powerful	1656
provincial	1657
purpose	1658
technology	1659
wonderful	1660
admit	1661
alt	1662
becomes	1663
chose	1664
concerns	1665
deficit	1666
designed	1667
ill	1668
larger	1669
marriage	1670
minutes	1671
pain	1672
payer	1673
picture	1674
promised	1675
promises	1676
refused	1677
reply	1678
silly	1679
taught	1680
vs	1681
weak	1682
wide	1683
advantage	1684
blue	1685
calls	1686
closed	1687
cultural	1688
deaths	1689
expected	1690
generally	1691
headline	1692
identity	1693
increases	1694
labor	1695
officer	1696
politician	1697
relationship	1698
replace	1699
suppose	1700
track	1701
basically	1702
becoming	1703
cheap	1704
construction	1705
driver	1706
examples	1707
letter	1708
liar	1709
measure	1710
mouth	1711
opposite	1712
ready	1713
shall	1714
sit	1715
surprise	1716
teacher	1717
train	1718
unions	1719
bike	1720
elsewhere	1721
employment	1722
intended	1723
logic	1724
maintain	1725
nfl	1726
plants	1727
politically	1728
providing	1729
secret	1730
serving	1731
showed	1732
socialist	1733
toward	1734
typical	1735
vast	1736
website	1737
24	1738
2nd	1739
accused	1740
analysis	1741
anybody	1742
bear	1743
column	1744
conflict	1745
conversation	1746
degree	1747
deny	1748
diversity	1749
dividend	1750
downtown	1751
executive	1752
forces	1753
legislators	1754
opposition	1755
ottawa	1756
priests	1757
reform	1758
relevant	1759
respond	1760
sadly	1761
streets	1762
style	1763
treated	1764
uh	1765
via	1766
2014	1767
adults	1768
appreciate	1769
bible	1770
books	1771
credibility	1772
ended	1773
ensure	1774
gain	1775
h	1776
highest	1777
historical	1778
ii	1779
impossible	1780
informed	1781
married	1782
names	1783
newspaper	1784
ourselves	1785
pressure	1786
remains	1787
skills	1788
suffer	1789
unlike	1790
yours	1791
acts	1792
banks	1793
catch	1794
changing	1795
charged	1796
cold	1797
conclusion	1798
entitled	1799
expense	1800
goods	1801
manufacturing	1802
moment	1803
particularly	1804
pathetic	1805
push	1806
range	1807
seek	1808
shoot	1809
store	1810
successful	1811
africa	1812
believed	1813
bringing	1814
capacity	1815
concept	1816
desire	1817
french	1818
george	1819
gotten	1820
helped	1821
isis	1822
join	1823
legally	1824
meanwhile	1825
ownership	1826
protected	1827
recognize	1828
reference	1829
salary	1830
specifically	1831
stick	1832
teach	1833
ten	1834
wars	1835
alive	1836
approved	1837
art	1838
bernie	1839
breaking	1840
cbc	1841
claiming	1842
cnn	1843
complain	1844
date	1845
employee	1846
entirely	1847
excuse	1848
feet	1849
felt	1850
followed	1851
hardly	1852
judges	1853
medicare	1854
msm	1855
partisan	1856
prepared	1857
racial	1858
savings	1859
series	1860
strategy	1861
supports	1862
title	1863
wake	1864
90	1865
added	1866
attorney	1867
ball	1868
cheaper	1869
committee	1870
continued	1871
crum	1872
decent	1873
destruction	1874
earlier	1875
fool	1876
foundation	1877
healthy	1878
indigenous	1879
intent	1880
lane	1881
limits	1882
meaning	1883
met	1884
pipeline	1885
plain	1886
release	1887
round	1888
scientific	1889
suggesting	1890
twice	1891
valid	1892
arms	1893
cancer	1894
churches	1895
citizenship	1896
claimed	1897
classes	1898
communist	1899
complex	1900
contact	1901
dealing	1902
district	1903
extremely	1904
filled	1905
heads	1906
joe	1907
mike	1908
perspective	1909
regulations	1910
sea	1911
spot	1912
super	1913
survive	1914
various	1915
ya	1916
17	1917
21	1918
additional	1919
affordable	1920
animal	1921
background	1922
brown	1923
convicted	1924
cool	1925
core	1926
danger	1927
details	1928
duty	1929
editorial	1930
eh	1931
enemy	1932
honolulu	1933
includes	1934
justify	1935
lied	1936
lord	1937
mark	1938
plant	1939
potus	1940
produce	1941
returns	1942
rhetoric	1943
roads	1944
trash	1945
voice	1946
weapon	1947
wearing	1948
accurate	1949
advice	1950
annual	1951
bother	1952
clue	1953
content	1954
da	1955
dark	1956
david	1957
direction	1958
disgusting	1959
doctor	1960
efforts	1961
emails	1962
experts	1963
hearing	1964
hide	1965
hire	1966
j	1967
japan	1968
journalism	1969
named	1970
older	1971
online	1972
planned	1973
reaction	1974
repeal	1975
runs	1976
sale	1977
turning	1978
vatican	1979
version	1980
broke	1981
cent	1982
central	1983
cutting	1984
dear	1985
discrimination	1986
elect	1987
elite	1988
emissions	1989
establishment	1990
everywhere	1991
fossil	1992
gonna	1993
hockey	1994
poll	1995
polls	1996
priest	1997
purchase	1998
puts	1999
smaller	2000
somebody	2001
theory	2002
useless	2003
wanting	2004
weather	2005
wind	2006
activity	2007
ad	2008
blacks	2009
blood	2010
cabinet	2011
card	2012
challenge	2013
coach	2014
comparison	2015
controlled	2016
covered	2017
exercise	2018
final	2019
finding	2020
guard	2021
houses	2022
hypocrisy	2023
latest	2024
minute	2025
nk	2026
pence	2027
physical	2028
planning	2029
principles	2030
provinces	2031
published	2032
pull	2033
reduced	2034
ride	2035
useful	2036
vision	2037
apart	2038
aside	2039
believes	2040
burning	2041
busy	2042
cap	2043
charter	2044
daughter	2045
drink	2046
en	2047
hiring	2048
incident	2049
juneau	2050
proper	2051
publicly	2052
rational	2053
reducing	2054
released	2055
solve	2056
sports	2057
subsidies	2058
tells	2059
urban	2060
adult	2061
assuming	2062
beautiful	2063
blaming	2064
creating	2065
dad	2066
electric	2067
equally	2068
firearms	2069
integrity	2070
kim	2071
leftist	2072
player	2073
proposed	2074
refuse	2075
sa	2076
saving	2077
signed	2078
slavery	2079
slow	2080
summer	2081
throughout	2082
transportation	2083
wynne	2084
yesterday	2085
youth	2086
00	2087
2010	2088
besides	2089
bishop	2090
buildings	2091
character	2092
choices	2093
collusion	2094
earn	2095
email	2096
existing	2097
facebook	2098
feeling	2099
forever	2100
forgot	2101
herself	2102
inflation	2103
license	2104
minded	2105
nafta	2106
nazi	2107
practices	2108
promote	2109
qualified	2110
quick	2111
rape	2112
saudi	2113
sites	2114
trial	2115
uses	2116
22	2117
anger	2118
argue	2119
block	2120
breaks	2121
british	2122
cat	2123
cats	2124
chicago	2125
commission	2126
constant	2127
credits	2128
damn	2129
finance	2130
foot	2131
heck	2132
hitler	2133
hot	2134
legislative	2135
likes	2136
literally	2137
lucky	2138
martin	2139
minds	2140
neighbors	2141
options	2142
performance	2143
privilege	2144
reagan	2145
referring	2146
republic	2147
river	2148
sessions	2149
sin	2150
yep	2151
arrested	2152
attacking	2153
beginning	2154
causes	2155
clark	2156
color	2157
counter	2158
deficits	2159
determined	2160
direct	2161
enforce	2162
flight	2163
girls	2164
golf	2165
hole	2166
ideology	2167
idiots	2168
johnson	2169
k	2170
loser	2171
neighborhood	2172
overall	2173
payments	2174
progress	2175
properly	2176
readers	2177
regular	2178
rural	2179
scale	2180
scary	2181
search	2182
signs	2183
spirit	2184
steal	2185
supporter	2186
wins	2187
writer	2188
300	2189
accounts	2190
bears	2191
capable	2192
code	2193
domestic	2194
dont	2195
expenses	2196
file	2197
govt	2198
horrible	2199
hundred	2200
husband	2201
illegally	2202
jewish	2203
november	2204
path	2205
patients	2206
protesters	2207
pushing	2208
reject	2209
rock	2210
speed	2211
spread	2212
thats	2213
trumps	2214
wear	2215
wikipedia	2216
2008	2217
<	2218
airport	2219
compromise	2220
conscience	2221
contracts	2222
decade	2223
destroyed	2224
director	2225
dirty	2226
drunk	2227
era	2228
failing	2229
fascist	2230
fat	2231
fixed	2232
intelligent	2233
invest	2234
investors	2235
irrelevant	2236
islamic	2237
learning	2238
lynch	2239
medicaid	2240
miles	2241
mortgage	2242
oahu	2243
parks	2244
peoples	2245
poverty	2246
pulled	2247
registered	2248
represent	2249
retired	2250
sir	2251
smoking	2252
spin	2253
starts	2254
terrorism	2255
troll	2256
worried	2257
absolute	2258
affect	2259
ag	2260
assets	2261
attend	2262
bag	2263
banned	2264
burden	2265
chair	2266
deals	2267
determine	2268
dream	2269
exists	2270
fed	2271
fools	2272
girl	2273
gotta	2274
grade	2275
grand	2276
hired	2277
insane	2278
james	2279
manage	2280
managed	2281
pray	2282
replaced	2283
riding	2284
senators	2285
stands	2286
suicide	2287
texas	2288
threats	2289
traditional	2290
turns	2291
walking	2292
worthy	2293
associated	2294
awful	2295
biased	2296
bigotry	2297
boys	2298
breath	2299
camp	2300
cannabis	2301
courage	2302
effectively	2303
ethics	2304
experienced	2305
feds	2306
forum	2307
industrial	2308
jim	2309
legitimate	2310
loved	2311
manner	2312
occurred	2313
pdf	2314
perfectly	2315
pointing	2316
poster	2317
radical	2318
records	2319
regime	2320
reserve	2321
seats	2322
species	2323
stolen	2324
taxed	2325
transit	2326
trip	2327
x	2328
19	2329
acceptable	2330
affairs	2331
agency	2332
agent	2333
aid	2334
allegations	2335
amounts	2336
approval	2337
balanced	2338
complaining	2339
congressional	2340
conspiracy	2341
cycle	2342
defending	2343
describe	2344
deserves	2345
developed	2346
dr	2347
dude	2348
empty	2349
entry	2350
european	2351
guarantee	2352
hall	2353
hydro	2354
image	2355
india	2356
laugh	2357
lawyer	2358
mccain	2359
measures	2360
necessarily	2361
offense	2362
orange	2363
percentage	2364
pockets	2365
punishment	2366
richard	2367
saved	2368
scheer	2369
separate	2370
ship	2371
smoke	2372
station	2373
statistics	2374
steve	2375
stuck	2376
suffering	2377
touch	2378
trained	2379
transfer	2380
weight	2381
y	2382
~	2383
active	2384
answers	2385
attacked	2386
beer	2387
began	2388
brothers	2389
circumstances	2390
closer	2391
commercial	2392
crap	2393
cry	2394
curious	2395
demands	2396
dnc	2397
drinking	2398
driven	2399
eu	2400
gift	2401
grown	2402
helps	2403
identify	2404
instance	2405
junior	2406
lands	2407
logical	2408
loose	2409
lowest	2410
mentally	2411
mission	2412
navy	2413
nra	2414
photo	2415
print	2416
racists	2417
refer	2418
regards	2419
relations	2420
representative	2421
scientists	2422
soldiers	2423
solutions	2424
thoughts	2425
thousand	2426
vacation	2427
150	2428
accepted	2429
ah	2430
ak	2431
bannon	2432
brings	2433
bubble	2434
burn	2435
co2	2436
collect	2437
constantly	2438
cpc	2439
draw	2440
economics	2441
em	2442
factor	2443
feed	2444
france	2445
generations	2446
heat	2447
hero	2448
hoping	2449
humanity	2450
immigrant	2451
indian	2452
journalist	2453
mainstream	2454
material	2455
meaningful	2456
multi	2457
occur	2458
offensive	2459
parent	2460
presidents	2461
radio	2462
reach	2463
resident	2464
ruling	2465
sake	2466
scheme	2467
seat	2468
secretary	2469
session	2470
solid	2471
ticket	2472
tool	2473
ugly	2474
weekend	2475
writes	2476
1st	2477
adding	2478
admitted	2479
advertising	2480
applied	2481
australia	2482
ballot	2483
boat	2484
box	2485
commit	2486
competition	2487
customers	2488
deliver	2489
desperate	2490
earnings	2491
employer	2492
employers	2493
ends	2494
fairly	2495
familiar	2496
fathers	2497
favour	2498
fishing	2499
flat	2500
gee	2501
heavy	2502
id	2503
incorrect	2504
info	2505
interview	2506
january	2507
la	2508
lady	2509
machine	2510
natives	2511
ncr	2512
nope	2513
noticed	2514
numerous	2515
parliament	2516
persons	2517
peter	2518
powers	2519
prayer	2520
proposal	2521
repeat	2522
represents	2523
residential	2524
rising	2525
seemed	2526
setting	2527
sleep	2528
stage	2529
stephen	2530
supposedly	2531
swamp	2532
threatening	2533
throwing	2534
ultimately	2535
whining	2536
65	2537
african	2538
aircraft	2539
allies	2540
arguments	2541
badly	2542
blm	2543
careful	2544
ceo	2545
checks	2546
chemical	2547
club	2548
con	2549
doors	2550
dropped	2551
dying	2552
eating	2553
employed	2554
exposed	2555
focused	2556
forest	2557
heavily	2558
hence	2559
hiding	2560
ige	2561
illegals	2562
illness	2563
imo	2564
jews	2565
l	2566
largely	2567
letting	2568
lisa	2569
maintenance	2570
markets	2571
meat	2572
michael	2573
morneau	2574
mountain	2575
murkowski	2576
oppose	2577
penalty	2578
picked	2579
placed	2580
produced	2581
raising	2582
resource	2583
seeking	2584
senior	2585
slaves	2586
speaks	2587
structure	2588
subsidized	2589
suit	2590
table	2591
tend	2592
thrown	2593
unemployment	2594
universities	2595
warning	2596
wild	2597
accountable	2598
alleged	2599
anc	2600
arabia	2601
confused	2602
contrary	2603
creation	2604
denial	2605
design	2606
efficient	2607
enter	2608
flying	2609
forms	2610
gang	2611
gdp	2612
greatest	2613
hunting	2614
institutions	2615
iran	2616
kick	2617
nazis	2618
noted	2619
nowhere	2620
omar	2621
passing	2622
permit	2623
presence	2624
previously	2625
provides	2626
quarter	2627
rarely	2628
regard	2629
rep	2630
repeatedly	2631
sacrifice	2632
scandal	2633
southern	2634
substance	2635
tragedy	2636
twitter	2637
types	2638
unable	2639
unfair	2640
unfortunate	2641
watched	2642
08	2643
2013	2644
3rd	2645
acknowledge	2646
agencies	2647
ain	2648
army	2649
association	2650
attempting	2651
belong	2652
borders	2653
butts	2654
commentary	2655
corner	2656
defined	2657
denied	2658
develop	2659
discuss	2660
disease	2661
documents	2662
draft	2663
drama	2664
effects	2665
ending	2666
exact	2667
exchange	2668
facilities	2669
fewer	2670
fill	2671
firing	2672
friday	2673
gold	2674
grew	2675
handle	2676
honestly	2677
industries	2678
investigations	2679
japanese	2680
kelly	2681
mandate	2682
memory	2683
method	2684
mueller	2685
ocean	2686
offended	2687
offering	2688
organizations	2689
outcome	2690
pages	2691
plane	2692
pointed	2693
rare	2694
receiving	2695
recession	2696
regulation	2697
reminds	2698
route	2699
ryan	2700
sanctions	2701
scam	2702
strange	2703
stupidity	2704
tens	2705
treat	2706
trillion	2707
troops	2708
victory	2709
wasted	2710
winter	2711
2012	2712
2019	2713
accountability	2714
attempts	2715
behaviour	2716
blow	2717
cast	2718
cell	2719
coffee	2720
constituents	2721
cop	2722
dc	2723
deleted	2724
ed	2725
electricity	2726
emergency	2727
equipment	2728
farmers	2729
fought	2730
function	2731
gross	2732
holds	2733
ignoring	2734
initiative	2735
jump	2736
lazy	2737
leads	2738
listening	2739
lock	2740
loud	2741
loving	2742
murders	2743
music	2744
pet	2745
phrase	2746
poorly	2747
priesthood	2748
professor	2749
realized	2750
reduction	2751
relative	2752
reporters	2753
robert	2754
salaries	2755
sending	2756
shop	2757
sky	2758
suddenly	2759
sue	2760
temporary	2761
toxic	2762
tradition	2763
uncivil	2764
wondering	2765
2000	2766
400	2767
accusations	2768
achieve	2769
amazon	2770
andrew	2771
appeal	2772
appointed	2773
assad	2774
battle	2775
brand	2776
buyers	2777
cake	2778
capitalism	2779
challenged	2780
charles	2781
clown	2782
commenting	2783
condemn	2784
consent	2785
criticism	2786
declared	2787
dividends	2788
ego	2789
engineering	2790
ethnic	2791
faces	2792
fee	2793
feelings	2794
feels	2795
financially	2796
fires	2797
gains	2798
grant	2799
latter	2800
leaves	2801
links	2802
locked	2803
minorities	2804
mistakes	2805
mp	2806
notion	2807
operations	2808
ordered	2809
orders	2810
overseas	2811
parish	2812
philosophy	2813
pool	2814
portland	2815
premiums	2816
refusing	2817
reserves	2818
roll	2819
safer	2820
sharing	2821
somewhat	2822
stealing	2823
stores	2824
sufficient	2825
sympathy	2826
thomas	2827
tiny	2828
veterans	2829
virtually	2830
wasting	2831
waters	2832
weed	2833
whites	2834
younger	2835
09	2836
48	2837
activities	2838
advanced	2839
bar	2840
bomb	2841
bridge	2842
chosen	2843
combined	2844
continuing	2845
contribute	2846
decline	2847
depends	2848
document	2849
eliminate	2850
existence	2851
fails	2852
falling	2853
florida	2854
fr	2855
german	2856
hair	2857
hart	2858
hpd	2859
inequality	2860
insult	2861
jones	2862
judgement	2863
jury	2864
kinds	2865
labour	2866
lay	2867
letters	2868
liberty	2869
location	2870
losers	2871
meetings	2872
nail	2873
neo	2874
odd	2875
operate	2876
operation	2877
passengers	2878
pictures	2879
posters	2880
preferred	2881
qu	2882
reflect	2883
region	2884
regularly	2885
reporter	2886
sand	2887
socialism	2888
steps	2889
sullivan	2890
sweet	2891
talks	2892
testing	2893
thread	2894
threatened	2895
tolerance	2896
truck	2897
units	2898
universal	2899
unlikely	2900
upset	2901
web	2902
wiki	2903
wildlife	2904
yard	2905
27	2906
32	2907
asia	2908
babies	2909
barely	2910
blah	2911
blatant	2912
burke	2913
checked	2914
christianity	2915
civility	2916
clergy	2917
compensation	2918
condition	2919
de	2920
drain	2921
editor	2922
encourage	2923
enemies	2924
equality	2925
essentially	2926
established	2927
et	2928
express	2929
factual	2930
frankly	2931
fuels	2932
generate	2933
gospel	2934
guilt	2935
harder	2936
investigating	2937
investing	2938
jr	2939
july	2940
loves	2941
mad	2942
mainland	2943
males	2944
march	2945
mid	2946
myth	2947
ny	2948
onto	2949
opened	2950
participate	2951
portion	2952
pushed	2953
recognized	2954
relatively	2955
roman	2956
seattle	2957
seven	2958
soul	2959
syrian	2960
theft	2961
thoughtful	2962
trips	2963
uber	2964
um	2965
vietnam	2966
visa	2967
yup	2968
zuma	2969
28	2970
accident	2971
accomplished	2972
acting	2973
activists	2974
agents	2975
aggressive	2976
arguing	2977
aspect	2978
auto	2979
bankrupt	2980
bless	2981
bucks	2982
cant	2983
cardinal	2984
cards	2985
causing	2986
computer	2987
conference	2988
confidence	2989
consistent	2990
corporation	2991
crash	2992
crew	2993
cultures	2994
dare	2995
demanding	2996
destroying	2997
dictator	2998
doctrine	2999
elites	3000
embrace	3001
equivalent	3002
ethical	3003
farm	3004
favorite	3005
figures	3006
firearm	3007
flow	3008
followers	3009
foolish	3010
hat	3011
hill	3012
honor	3013
hook	3014
increasingly	3015
invested	3016
investigate	3017
investments	3018
journalists	3019
lifetime	3020
loans	3021
mile	3022
misleading	3023
neighbor	3024
neutral	3025
nominee	3026
outrage	3027
patient	3028
precisely	3029
principle	3030
productive	3031
progressives	3032
protecting	3033
proves	3034
rental	3035
requirement	3036
revenues	3037
ruled	3038
settlement	3039
skin	3040
speaker	3041
spoken	3042
sport	3043
stance	3044
strongly	3045
sun	3046
tactics	3047
taxing	3048
tomorrow	3049
ukraine	3050
worker	3051
addition	3052
airlines	3053
aloha	3054
antifa	3055
applies	3056
assertion	3057
bed	3058
behalf	3059
broncos	3060
camps	3061
carried	3062
carrying	3063
chances	3064
charity	3065
chin	3066
complicated	3067
conduct	3068
consumer	3069
consumers	3070
contribution	3071
correctness	3072
delusional	3073
dept	3074
eight	3075
endless	3076
er	3077
expansion	3078
expecting	3079
fascism	3080
film	3081
goals	3082
goodness	3083
governing	3084
grab	3085
hadn	3086
impose	3087
incentive	3088
incompetence	3089
index	3090
institution	3091
lanes	3092
laughing	3093
leafs	3094
libs	3095
lights	3096
marxist	3097
movie	3098
murdered	3099
nose	3100
object	3101
offices	3102
opposing	3103
pc	3104
plastic	3105
pocket	3106
possibility	3107
prayers	3108
presented	3109
pretend	3110
privacy	3111
quo	3112
reached	3113
relatives	3114
represented	3115
rg	3116
saturday	3117
sheep	3118
shelter	3119
significantly	3120
solved	3121
sooner	3122
square	3123
strikes	3124
suggests	3125
tourists	3126
tower	3127
trucks	3128
tweet	3129
warm	3130
01	3131
45	3132
55	3133
accommodate	3134
alternatives	3135
application	3136
arm	3137
assistance	3138
attended	3139
audience	3140
channel	3141
christmas	3142
christy	3143
cia	3144
compare	3145
compassion	3146
concrete	3147
connected	3148
consumption	3149
credible	3150
customer	3151
disabled	3152
donations	3153
emotional	3154
essential	3155
everyday	3156
ex	3157
factors	3158
feeding	3159
finds	3160
forth	3161
golden	3162
gore	3163
granted	3164
hidden	3165
hunt	3166
impeached	3167
impeachment	3168
importance	3169
incompetent	3170
insanity	3171
interpretation	3172
laid	3173
lesson	3174
liked	3175
lobby	3176
mom	3177
moron	3178
motivated	3179
naive	3180
ought	3181
owns	3182
papers	3183
pensions	3184
physically	3185
reliable	3186
religions	3187
requirements	3188
rescue	3189
resulted	3190
revolution	3191
ring	3192
salmon	3193
scared	3194
sen	3195
silence	3196
slave	3197
stats	3198
stood	3199
taxation	3200
text	3201
trees	3202
ultimate	3203
users	3204
viable	3205
zone	3206
aliens	3207
approve	3208
arrogant	3209
assembly	3210
bay	3211
bob	3212
bully	3213
bullying	3214
clueless	3215
cronies	3216
dan	3217
delay	3218
differences	3219
dislike	3220
earned	3221
elderly	3222
engage	3223
excuses	3224
extended	3225
fairbanks	3226
fortunate	3227
fortune	3228
grace	3229
greed	3230
greedy	3231
highway	3232
hitting	3233
hmmm	3234
hurts	3235
improved	3236
improvement	3237
intention	3238
invited	3239
ironic	3240
jack	3241
kkk	3242
league	3243
liars	3244
miller	3245
motion	3246
nato	3247
negotiations	3248
nixon	3249
notley	3250
objective	3251
openly	3252
opportunities	3253
paint	3254
paragraph	3255
phones	3256
praise	3257
premier	3258
promoting	3259
protesting	3260
puerto	3261
puppet	3262
purposes	3263
refugee	3264
rejected	3265
sanctuary	3266
sees	3267
smith	3268
soft	3269
soldier	3270
suggested	3271
suggestion	3272
surgery	3273
terror	3274
tom	3275
understood	3276
violation	3277
window	3278
wise	3279
writers	3280
26	3281
99	3282
abused	3283
acceptance	3284
advocate	3285
anthem	3286
apologize	3287
backs	3288
beings	3289
believing	3290
bombs	3291
boss	3292
campus	3293
catholicism	3294
chretien	3295
competitive	3296
consequence	3297
contributions	3298
convention	3299
correctly	3300
criticize	3301
crossing	3302
crying	3303
dependent	3304
described	3305
description	3306
differently	3307
dinner	3308
directed	3309
distance	3310
dump	3311
edge	3312
electorate	3313
entitlement	3314
epa	3315
error	3316
exception	3317
fairness	3318
firm	3319
forgotten	3320
genocide	3321
headlines	3322
heaven	3323
inappropriate	3324
indicate	3325
interference	3326
internal	3327
irony	3328
kinda	3329
marketing	3330
ministers	3331
minor	3332
nasty	3333
nightmare	3334
operating	3335
organized	3336
paris	3337
phony	3338
pr	3339
publication	3340
qb	3341
queen	3342
request	3343
retire	3344
rico	3345
shots	3346
siemian	3347
situations	3348
sovereign	3349
stream	3350
subsidy	3351
tech	3352
tries	3353
typically	3354
unto	3355
valley	3356
variety	3357
abiding	3358
absurd	3359
advocating	3360
affected	3361
answered	3362
arrest	3363
arrived	3364
bail	3365
billionaires	3366
brian	3367
centuries	3368
cite	3369
communion	3370
controlling	3371
copy	3372
creates	3373
degrees	3374
denying	3375
disrespect	3376
division	3377
drives	3378
educational	3379
empire	3380
entering	3381
explanation	3382
expression	3383
finish	3384
flood	3385
floor	3386
giant	3387
guide	3388
hospitals	3389
hotel	3390
houston	3391
intellectual	3392
jordan	3393
killer	3394
kingdom	3395
korean	3396
lifestyle	3397
lunch	3398
managers	3399
master	3400
merit	3401
milk	3402
models	3403
na	3404
network	3405
oath	3406
opening	3407
picking	3408
platform	3409
pride	3410
priority	3411
prosecutor	3412
quotes	3413
rally	3414
remaining	3415
removing	3416
restaurant	3417
returned	3418
scenario	3419
shared	3420
shift	3421
shocked	3422
spanish	3423
strength	3424
strike	3425
struggle	3426
sunday	3427
supremacists	3428
surprising	3429
theology	3430
tobacco	3431
treason	3432
user	3433
vulnerable	3434
wave	3435
06	3436
23	3437
250	3438
75	3439
accepting	3440
afghanistan	3441
apology	3442
appointment	3443
ashamed	3444
ass	3445
assessment	3446
august	3447
backed	3448
bags	3449
bankruptcy	3450
beating	3451
billionaire	3452
broad	3453
classic	3454
classified	3455
comfortable	3456
commenters	3457
compete	3458
connection	3459
consideration	3460
countless	3461
covering	3462
crude	3463
currency	3464
dealt	3465
depending	3466
dictatorship	3467
dime	3468
dozen	3469
existed	3470
ford	3471
gays	3472
generous	3473
glass	3474
guessing	3475
handed	3476
heritage	3477
hilarious	3478
hr	3479
ignores	3480
impressed	3481
inevitable	3482
insist	3483
judgment	3484
lincoln	3485
linked	3486
mainly	3487
manager	3488
mary	3489
masses	3490
match	3491
mere	3492
moose	3493
newspapers	3494
northern	3495
nut	3496
observation	3497
october	3498
ongoing	3499
oops	3500
op	3501
opponents	3502
originally	3503
pacific	3504
peaceful	3505
perceived	3506
plays	3507
port	3508
protests	3509
rant	3510
rcmp	3511
renewable	3512
repair	3513
repeated	3514
replacement	3515
representatives	3516
retail	3517
reveal	3518
revealed	3519
risks	3520
rolling	3521
rome	3522
roof	3523
san	3524
secure	3525
servants	3526
settled	3527
shape	3528
shooter	3529
sight	3530
split	3531
stops	3532
storage	3533
survey	3534
talked	3535
teachings	3536
tree	3537
unacceptable	3538
versus	3539
village	3540
warren	3541
whenever	3542
whine	3543
1000	3544
addiction	3545
aka	3546
announced	3547
arctic	3548
arrogance	3549
asian	3550
automatic	3551
awesome	3552
band	3553
bell	3554
ben	3555
bound	3556
bright	3557
britain	3558
brutal	3559
buddy	3560
bull	3561
chris	3562
civilians	3563
clothing	3564
concerning	3565
condo	3566
congratulations	3567
convinced	3568
courses	3569
cuba	3570
define	3571
demonstrate	3572
demonstrated	3573
discussions	3574
display	3575
economically	3576
expanding	3577
expert	3578
expertise	3579
facing	3580
faithful	3581
fallen	3582
falls	3583
famous	3584
fields	3585
finger	3586
fresh	3587
friendly	3588
grief	3589
guaranteed	3590
hack	3591
hang	3592
heading	3593
hearts	3594
hint	3595
horse	3596
hostile	3597
hypocrite	3598
identified	3599
implement	3600
indians	3601
injured	3602
intentionally	3603
interior	3604
ironically	3605
issued	3606
kicked	3607
kidding	3608
label	3609
lee	3610
libertarian	3611
london	3612
map	3613
maximum	3614
medicine	3615
membership	3616
mining	3617
monopoly	3618
narrow	3619
naturally	3620
norm	3621
nuts	3622
participants	3623
partner	3624
passes	3625
pen	3626
pieces	3627
plate	3628
prize	3629
professionals	3630
races	3631
reminded	3632
requiring	3633
responding	3634
responses	3635
seconds	3636
sets	3637
shopping	3638
silent	3639
smell	3640
spoke	3641
stronger	3642
superior	3643
sustainable	3644
talent	3645
traitor	3646
transparency	3647
unnecessary	3648
utm	3649
valuable	3650
walked	3651
winner	3652
witness	3653
worship	3654
04	3655
07	3656
2009	3657
2011	3658
2018	3659
42	3660
600	3661
abandoned	3662
actively	3663
addressed	3664
adds	3665
adopted	3666
agreements	3667
apparent	3668
april	3669
baseball	3670
begins	3671
brilliant	3672
budgets	3673
caring	3674
cents	3675
chain	3676
charging	3677
collapse	3678
commerce	3679
commitment	3680
competent	3681
conclusions	3682
connections	3683
contributed	3684
crooked	3685
dairy	3686
damaging	3687
deadly	3688
debates	3689
deciding	3690
deeply	3691
defeat	3692
depth	3693
divide	3694
donors	3695
duties	3696
eastern	3697
eliminated	3698
embarrassment	3699
encouraged	3700
enormous	3701
extremist	3702
extremists	3703
facility	3704
faster	3705
felony	3706
figured	3707
fits	3708
founding	3709
grandchildren	3710
historic	3711
hurricane	3712
independence	3713
input	3714
islands	3715
knife	3716
mafia	3717
maga	3718
materials	3719
mentality	3720
minimal	3721
ministry	3722
outcomes	3723
pardon	3724
participation	3725
payers	3726
personnel	3727
pf	3728
pierre	3729
polling	3730
pollution	3731
populations	3732
pretending	3733
priorities	3734
purchased	3735
quoted	3736
raises	3737
reasoning	3738
recommend	3739
refuses	3740
register	3741
reputation	3742
restaurants	3743
returning	3744
reverse	3745
rockies	3746
rude	3747
safely	3748
sarah	3749
scene	3750
se	3751
shameful	3752
snow	3753
snowflakes	3754
solely	3755
spectrum	3756
spring	3757
stadium	3758
stating	3759
successfully	3760
tea	3761
thru	3762
turkey	3763
uncle	3764
uneducated	3765
universe	3766
ups	3767
wishes	3768
wont	3769
wwii	3770
31	3771
800	3772
advance	3773
apartment	3774
barrel	3775
centre	3776
chicken	3777
clients	3778
clintons	3779
clowns	3780
collective	3781
commissioner	3782
comparing	3783
consistently	3784
contractors	3785
convince	3786
corps	3787
counted	3788
cow	3789
declare	3790
deeper	3791
defensive	3792
depression	3793
developing	3794
discussed	3795
disgrace	3796
dishonest	3797
divided	3798
divine	3799
educate	3800
electing	3801
elements	3802
embarrassed	3803
england	3804
entertainment	3805
exempt	3806
export	3807
feminist	3808
fingers	3809
finished	3810
freedoms	3811
governors	3812
headed	3813
household	3814
huh	3815
hypocritical	3816
immediate	3817
inauguration	3818
incomes	3819
incredible	3820
injuries	3821
intervention	3822
involve	3823
israeli	3824
jets	3825
june	3826
kansas	3827
lawsuits	3828
listed	3829
losses	3830
lunatic	3831
mexican	3832
militia	3833
missiles	3834
mixed	3835
nomination	3836
offers	3837
ordinary	3838
payment	3839
penalties	3840
photos	3841
pipelines	3842
pop	3843
precious	3844
producers	3845
ratings	3846
remind	3847
responded	3848
restrictions	3849
resulting	3850
roy	3851
rush	3852
scripture	3853
secular	3854
sells	3855
seniors	3856
sexism	3857
sexist	3858
sister	3859
software	3860
song	3861
spaces	3862
springfield	3863
stays	3864
stopping	3865
storm	3866
struggling	3867
targeted	3868
ted	3869
testimony	3870
tickets	3871
tier	3872
till	3873
trading	3874
va	3875
viewed	3876
witnesses	3877
20th	3878
21st	3879
accomplish	3880
ads	3881
apples	3882
atmosphere	3883
attending	3884
bathroom	3885
battery	3886
bond	3887
bowl	3888
buried	3889
bye	3890
cameras	3891
cherry	3892
closet	3893
closing	3894
complaint	3895
comprehension	3896
confederate	3897
correction	3898
criteria	3899
dem	3900
demanded	3901
deported	3902
destructive	3903
dialogue	3904
disappointed	3905
discovery	3906
discriminate	3907
dp	3908
duck	3909
eligible	3910
engaged	3911
enjoyed	3912
equity	3913
evening	3914
exclusive	3915
expressed	3916
fantasy	3917
fundamental	3918
genius	3919
hanging	3920
harbor	3921
hawaiians	3922
hello	3923
hi	3924
hyperbole	3925
hypocrites	3926
impacts	3927
import	3928
initial	3929
inmates	3930
insulting	3931
intolerance	3932
introduced	3933
investigated	3934
italian	3935
joseph	3936
jt	3937
knee	3938
lacking	3939
lately	3940
leaks	3941
leftists	3942
legacy	3943
legalization	3944
leitch	3945
lng	3946
loan	3947
loses	3948
mcconnell	3949
mercy	3950
mob	3951
moore	3952
nine	3953
ol	3954
ordained	3955
outlet	3956
outright	3957
pack	3958
permits	3959
portfolio	3960
powered	3961
primarily	3962
processes	3963
prohibited	3964
propose	3965
proved	3966
proving	3967
publish	3968
questionable	3969
rapidly	3970
reflects	3971
rely	3972
remarks	3973
removal	3974
representation	3975
respected	3976
reward	3977
righteous	3978
rooms	3979
root	3980
sarcasm	3981
selfish	3982
serves	3983
ships	3984
simplistic	3985
sins	3986
sorts	3987
spouse	3988
statues	3989
stocks	3990
surface	3991
tactic	3992
theglobeandmail	3993
thin	3994
threaten	3995
treating	3996
trevor	3997
trolls	3998
usage	3999
veto	4000
videos	4001
zoning	4002
2020	4003
abortions	4004
accord	4005
addressing	4006
amongst	4007
aspects	4008
assumption	4009
attempted	4010
backing	4011
beaten	4012
bec	4013
bin	4014
bonds	4015
bullies	4016
bust	4017
camera	4018
cared	4019
censorship	4020
chaos	4021
choosing	4022
circle	4023
closely	4024
communism	4025
confirmed	4026
conviction	4027
counsel	4028
counts	4029
crown	4030
dedicated	4031
deemed	4032
demographic	4033
demonstrates	4034
developers	4035
dioxide	4036
diplomatic	4037
donate	4038
dozens	4039
drove	4040
dui	4041
enforced	4042
escape	4043
estimated	4044
europeans	4045
expose	4046
extent	4047
faced	4048
fantastic	4049
flip	4050
forcing	4051
freeland	4052
fringe	4053
gather	4054
gm	4055
greens	4056
grid	4057
grounds	4058
handled	4059
harassment	4060
harvey	4061
hates	4062
historically	4063
hopes	4064
imports	4065
imposed	4066
independents	4067
indicates	4068
initiatives	4069
item	4070
jerk	4071
joy	4072
lawmakers	4073
lawsuit	4074
leary	4075
library	4076
lobbyists	4077
mandatory	4078
marine	4079
meaningless	4080
moon	4081
mrs	4082
negotiate	4083
noise	4084
operators	4085
parenthood	4086
petition	4087
pig	4088
possession	4089
praying	4090
pregnancy	4091
premium	4092
pricing	4093
prisoners	4094
producing	4095
profitable	4096
providers	4097
recovery	4098
referred	4099
registration	4100
regressive	4101
resign	4102
resistance	4103
resolution	4104
revealing	4105
rigged	4106
sane	4107
screw	4108
shake	4109
shares	4110
shocking	4111
slowly	4112
soil	4113
speculation	4114
stations	4115
stole	4116
studied	4117
sub	4118
sudden	4119
supremacist	4120
sweden	4121
syndrome	4122
technical	4123
tesla	4124
theories	4125
thugs	4126
ties	4127
ton	4128
tone	4129
tools	4130
tour	4131
tragic	4132
trains	4133
tune	4134
unique	4135
uranium	4136
utilities	4137
utter	4138
vice	4139
violated	4140
visits	4141
voices	4142
volunteer	4143
wh	4144
wondered	4145
yrs	4146
2007	4147
38	4148
53	4149
achieved	4150
activist	4151
airline	4152
allegedly	4153
anwr	4154
assure	4155
athletes	4156
banking	4157
bikes	4158
blamed	4159
blatantly	4160
boards	4161
bogus	4162
bombardier	4163
buyer	4164
campaigns	4165
capita	4166
captain	4167
carefully	4168
checking	4169
childish	4170
cited	4171
civilian	4172
collar	4173
combat	4174
comfort	4175
conducted	4176
confusing	4177
contain	4178
contributing	4179
controversial	4180
cult	4181
damages	4182
decency	4183
deflect	4184
deserved	4185
discourse	4186
discovered	4187
dispute	4188
distinction	4189
divisive	4190
dot	4191
ducks	4192
eager	4193
elway	4194
encounter	4195
engaging	4196
ev	4197
explained	4198
failures	4199
fell	4200
filed	4201
flynn	4202
frank	4203
frequently	4204
hacked	4205
hateful	4206
heroin	4207
imaginary	4208
injury	4209
institute	4210
involvement	4211
involving	4212
irrational	4213
jumping	4214
ltd	4215
magisterium	4216
masters	4217
mindset	4218
monthly	4219
morally	4220
nasa	4221
offshore	4222
peak	4223
pile	4224
pipe	4225
predict	4226
predictions	4227
priced	4228
punished	4229
rage	4230
ranks	4231
ray	4232
reasonably	4233
rebel	4234
reckless	4235
releasing	4236
relief	4237
remotely	4238
rentals	4239
restore	4240
rip	4241
rob	4242
sacred	4243
server	4244
shareholders	4245
shell	4246
soros	4247
sought	4248
spite	4249
stress	4250
sued	4251
switch	4252
tall	4253
transparent	4254
trusted	4255
unity	4256
upper	4257
utterly	4258
venezuela	4259
viewpoint	4260
weird	4261
worldwide	4262
yellow	4263
1990	4264
2003	4265
85	4266
95	4267
anderson	4268
ap	4269
approximately	4270
audit	4271
bend	4272
bent	4273
boots	4274
bothered	4275
brains	4276
breitbart	4277
bullet	4278
butt	4279
cancel	4280
charlie	4281
clause	4282
cleaning	4283
cloud	4284
complaints	4285
comrade	4286
conversion	4287
corp	4288
costly	4289
covers	4290
cpp	4291
cup	4292
daca	4293
daddy	4294
debacle	4295
decides	4296
detail	4297
doc	4298
drinks	4299
editors	4300
element	4301
enforcing	4302
entertaining	4303
exports	4304
extend	4305
exxon	4306
features	4307
fence	4308
foreigners	4309
fracking	4310
gci	4311
generated	4312
graduate	4313
graduated	4314
grass	4315
grateful	4316
horror	4317
households	4318
ie	4319
impressive	4320
incentives	4321
incredibly	4322
inflated	4323
inner	4324
inspired	4325
insults	4326
italy	4327
items	4328
khan	4329
kirk	4330
knock	4331
koch	4332
kudos	4333
lame	4334
latin	4335
lib	4336
liberalism	4337
locals	4338
lumber	4339
mandated	4340
margin	4341
medication	4342
meth	4343
mindless	4344
misguided	4345
missile	4346
mix	4347
mo	4348
moderate	4349
morality	4350
moves	4351
neck	4352
nhl	4353
observed	4354
ordination	4355
orthodox	4356
outrageous	4357
overcome	4358
palestinians	4359
peer	4360
perform	4361
permission	4362
physician	4363
pilot	4364
pity	4365
planes	4366
pointless	4367
preserve	4368
prop	4369
protections	4370
pulling	4371
pursue	4372
quiet	4373
rating	4374
ratio	4375
references	4376
regulate	4377
representing	4378
restricted	4379
reviewed	4380
rocks	4381
saint	4382
sat	4383
satisfy	4384
sb21	4385
score	4386
screen	4387
seemingly	4388
shed	4389
shock	4390
shootings	4391
shrinking	4392
sisters	4393
slightly	4394
snowflake	4395
sole	4396
soviet	4397
sponsored	4398
spray	4399
stable	4400
strategic	4401
subsistence	4402
teens	4403
tests	4404
tory	4405
tourism	4406
trans	4407
transgender	4408
treaties	4409
tribal	4410
trigger	4411
tuition	4412
tulsi	4413
twenty	4414
update	4415
vegas	4416
virtue	4417
visiting	4418
wash	4419
wente	4420
whoever	4421
windows	4422
wp	4423
37	4424
academic	4425
acres	4426
acted	4427
addicts	4428
ages	4429
ala	4430
analogy	4431
ann	4432
annually	4433
anonymous	4434
apartheid	4435
bans	4436
batteries	4437
bigoted	4438
birds	4439
bite	4440
bizarre	4441
blog	4442
branch	4443
brexit	4444
buddies	4445
buses	4446
cancelled	4447
canon	4448
capture	4449
cargo	4450
celebrate	4451
civilization	4452
classroom	4453
client	4454
collecting	4455
command	4456
committing	4457
communication	4458
communications	4459
concepts	4460
condemning	4461
conflicts	4462
congrats	4463
conservatism	4464
contains	4465
controls	4466
convert	4467
crossed	4468
curriculum	4469
departments	4470
disagrees	4471
districts	4472
diverse	4473
documented	4474
drag	4475
earning	4476
electrical	4477
elementary	4478
elitist	4479
employ	4480
engineers	4481
entity	4482
excessive	4483
exit	4484
expects	4485
extension	4486
feature	4487
flights	4488
fluoridation	4489
fluoride	4490
formal	4491
foster	4492
fraction	4493
ft	4494
gc	4495
governance	4496
grants	4497
greatly	4498
handling	4499
happiness	4500
harry	4501
haters	4502
hawai	4503
helpful	4504
hilary	4505
hollywood	4506
homework	4507
improving	4508
inability	4509
inquiry	4510
invite	4511
irresponsible	4512
ivanka	4513
jeff	4514
journal	4515
judicial	4516
justified	4517
laden	4518
lake	4519
laughable	4520
le	4521
lefty	4522
lgbt	4523
maintaining	4524
max	4525
meter	4526
minimize	4527
mirror	4528
mode	4529
monday	4530
montreal	4531
monuments	4532
mulroney	4533
normally	4534
npr	4535
oppression	4536
ours	4537
outsider	4538
outstanding	4539
overwhelming	4540
panel	4541
panic	4542
parnell	4543
picks	4544
potentially	4545
precedent	4546
predicted	4547
prohibition	4548
proposals	4549
q	4550
raw	4551
reads	4552
regions	4553
relationships	4554
resolve	4555
resort	4556
revelation	4557
routes	4558
ruin	4559
sb	4560
schedule	4561
scientist	4562
scum	4563
semi	4564
serial	4565
severe	4566
severely	4567
sexuality	4568
sexually	4569
sharia	4570
sheriff	4571
shipping	4572
sink	4573
skilled	4574
sometime	4575
sovereignty	4576
speeches	4577
spoiled	4578
stake	4579
staying	4580
steel	4581
suck	4582
suffered	4583
territory	4584
thirty	4585
threshold	4586
tied	4587
tim	4588
torture	4589
trail	4590
tribes	4591
trough	4592
undermine	4593
unfounded	4594
uninformed	4595
unstable	4596
unsustainable	4597
utility	4598
vet	4599
vetting	4600
visible	4601
walks	4602
wherever	4603
wilderness	4604
winners	4605
wisdom	4606
wolf	4607
yr	4608
1980	4609
34	4610
43	4611
46	4612
97	4613
abroad	4614
adequate	4615
admitting	4616
advertiser	4617
aging	4618
allie	4619
ancestors	4620
anytime	4621
apologies	4622
appeals	4623
apple	4624
applying	4625
appoint	4626
asd	4627
attached	4628
awareness	4629
backwards	4630
bars	4631
basement	4632
beach	4633
bearing	4634
belongs	4635
beneficial	4636
benghazi	4637
bid	4638
blanket	4639
blessed	4640
bodies	4641
boeing	4642
capitol	4643
challenges	4644
cheers	4645
clever	4646
click	4647
cognitive	4648
columns	4649
compliance	4650
computers	4651
cons	4652
conservation	4653
contempt	4654
contest	4655
controversy	4656
cook	4657
counting	4658
cousin	4659
cowards	4660
criticizing	4661
cruise	4662
december	4663
decrease	4664
deduction	4665
deductions	4666
delivered	4667
desperately	4668
diabetes	4669
digital	4670
displayed	4671
distribution	4672
doomed	4673
doug	4674
drawn	4675
dry	4676
eric	4677
establish	4678
eucharist	4679
eweb	4680
excess	4681
experiences	4682
explicitly	4683
extensive	4684
federally	4685
fiction	4686
filing	4687
flames	4688
flawed	4689
flowing	4690
focusing	4691
follows	4692
founded	4693
gap	4694
gta	4695
hacking	4696
handouts	4697
hike	4698
homelessness	4699
hunters	4700
ideological	4701
impression	4702
institutional	4703
intellect	4704
invasion	4705
involves	4706
islamophobia	4707
jimmy	4708
judging	4709
jurisdiction	4710
justification	4711
load	4712
logging	4713
lovely	4714
luxury	4715
magazine	4716
matthew	4717
meal	4718
memories	4719
mexicans	4720
mothers	4721
obligation	4722
offset	4723
origin	4724
owe	4725
partly	4726
pattern	4727
phd	4728
pigs	4729
pleasure	4730
populist	4731
practical	4732
predators	4733
prepare	4734
prince	4735
prisons	4736
procedures	4737
profound	4738
promoted	4739
prosecuted	4740
protestant	4741
ps	4742
pump	4743
punish	4744
rain	4745
recognition	4746
refusal	4747
renewables	4748
repeating	4749
residence	4750
rick	4751
rightly	4752
robots	4753
roles	4754
rose	4755
rough	4756
scott	4757
sentences	4758
shops	4759
sigh	4760
slap	4761
smile	4762
socialists	4763
sociopath	4764
sore	4765
spain	4766
spare	4767
ss	4768
stamps	4769
stars	4770
starving	4771
stone	4772
strict	4773
struck	4774
submit	4775
substantial	4776
sugar	4777
suggestions	4778
surplus	4779
suspects	4780
tar	4781
task	4782
taylor	4783
tear	4784
therapy	4785
threw	4786
tip	4787
tire	4788
toilet	4789
tolerant	4790
tolerate	4791
topics	4792
tossed	4793
transition	4794
translation	4795
trend	4796
trick	4797
triple	4798
tweets	4799
unemployed	4800
unknown	4801
unprecedented	4802
unreasonable	4803
unusual	4804
valdez	4805
violate	4806
warned	4807
widely	4808
witnessed	4809
yards	4810
02	4811
29	4812
33	4813
700	4814
aboriginal	4815
absent	4816
accidents	4817
affects	4818
aged	4819
airports	4820
alternate	4821
anglo	4822
appearance	4823
appeared	4824
arizona	4825
assess	4826
assumptions	4827
authorities	4828
avoiding	4829
banning	4830
barrels	4831
bashing	4832
believers	4833
bigot	4834
blew	4835
bloated	4836
blocked	4837
blocking	4838
blocks	4839
bombing	4840
boomers	4841
borough	4842
borrow	4843
bottle	4844
buck	4845
bureaucracy	4846
calgary	4847
cardinals	4848
careers	4849
castro	4850
chest	4851
collected	4852
colleges	4853
condos	4854
confusion	4855
continually	4856
convenient	4857
conversations	4858
courtesy	4859
critics	4860
cu	4861
curb	4862
dam	4863
declaration	4864
defended	4865
defines	4866
delivery	4867
deplorables	4868
describes	4869
describing	4870
devil	4871
dictionary	4872
dig	4873
disappear	4874
disastrous	4875
discipline	4876
disdain	4877
disingenuous	4878
dismissed	4879
divorce	4880
drill	4881
dust	4882
earners	4883
economist	4884
el	4885
encouraging	4886
entered	4887
entities	4888
episode	4889
equation	4890
expand	4891
faculty	4892
farms	4893
fashion	4894
fiasco	4895
files	4896
finances	4897
firms	4898
forests	4899
fortunately	4900
fourth	4901
fruit	4902
furthermore	4903
gasoline	4904
gear	4905
gerald	4906
glory	4907
grave	4908
greenhouse	4909
grocery	4910
guards	4911
habit	4912
hmm	4913
host	4914
hotels	4915
hrc	4916
humility	4917
humor	4918
im	4919
immoral	4920
implications	4921
implies	4922
imply	4923
inaccurate	4924
inform	4925
injustice	4926
intend	4927
interfere	4928
interpret	4929
investor	4930
irs	4931
jays	4932
joined	4933
jokes	4934
junk	4935
killings	4936
km	4937
lacks	4938
ladies	4939
lefties	4940
lessons	4941
listened	4942
lobbying	4943
locations	4944
loyal	4945
lynn	4946
machines	4947
manning	4948
manual	4949
manufactured	4950
margaret	4951
maui	4952
methods	4953
metro	4954
misogyny	4955
mistaken	4956
municipal	4957
nationalists	4958
nationally	4959
norway	4960
nuke	4961
occurs	4962
offence	4963
offender	4964
offenders	4965
officially	4966
package	4967
palin	4968
partners	4969
passage	4970
pedestrians	4971
penny	4972
pers	4973
pie	4974
pilots	4975
practically	4976
preach	4977
predictable	4978
pregnant	4979
properties	4980
prosecution	4981
questioned	4982
ranking	4983
rationale	4984
react	4985
recommended	4986
regret	4987
reign	4988
remote	4989
respectful	4990
row	4991
royal	4992
scare	4993
scotus	4994
screwed	4995
secondly	4996
select	4997
selected	4998
selective	4999
sensitive	5000
sheer	5001
sidewalks	5002
sinking	5003
sits	5004
societal	5005
spends	5006
spreading	5007
straw	5008
subsidize	5009
tears	5010
technically	5011
thou	5012
thy	5013
tonight	5014
tortured	5015
toss	5016
traitors	5017
transport	5018
trickle	5019
trolling	5020
unconstitutional	5021
underground	5022
undocumented	5023
unite	5024
vile	5025
violations	5026
virginia	5027
visitors	5028
walmart	5029
washed	5030
washingtonpost	5031
wealthiest	5032
whack	5033
whatsoever	5034
wood	5035
woods	5036
wound	5037
2005	5038
36	5039
44	5040
54	5041
5th	5042
accuse	5043
actors	5044
administrators	5045
adopt	5046
agrees	5047
agriculture	5048
albeit	5049
amp	5050
arab	5051
archbishop	5052
argued	5053
arrangement	5054
asylum	5055
attract	5056
authoritarian	5057
automatically	5058
baiting	5059
ballots	5060
benedict	5061
bernier	5062
boost	5063
bravo	5064
bread	5065
button	5066
cable	5067
capabilities	5068
caps	5069
carl	5070
certainty	5071
chamber	5072
characters	5073
coaches	5074
coaching	5075
codes	5076
columbus	5077
completed	5078
comply	5079
comprehend	5080
confuse	5081
connect	5082
converted	5083
cowardly	5084
crowded	5085
cruel	5086
dave	5087
deacons	5088
default	5089
defence	5090
delete	5091
deliberately	5092
demonstrating	5093
dental	5094
deplorable	5095
deport	5096
desires	5097
determination	5098
dies	5099
diet	5100
disagreement	5101
disappeared	5102
discussing	5103
disregard	5104
dose	5105
dramatically	5106
drone	5107
dropping	5108
echo	5109
economies	5110
edu	5111
embarrassing	5112
emx	5113
endorsed	5114
excited	5115
exclusively	5116
existent	5117
exposure	5118
expressing	5119
extraction	5120
females	5121
folk	5122
formation	5123
fptp	5124
gained	5125
gathering	5126
generals	5127
genuine	5128
globalist	5129
governmental	5130
greek	5131
holders	5132
holes	5133
horrific	5134
horses	5135
ideal	5136
idiotic	5137
incapable	5138
incidents	5139
inept	5140
inflicted	5141
iq	5142
joint	5143
jong	5144
kills	5145
kings	5146
kneeling	5147
length	5148
lesser	5149
loaded	5150
locally	5151
locker	5152
mall	5153
manipulate	5154
manipulation	5155
mcdonald	5156
meantime	5157
mechanism	5158
messed	5159
migrants	5160
mitigate	5161
monetary	5162
motley	5163
motor	5164
murderer	5165
nah	5166
nailed	5167
narcissistic	5168
nicely	5169
nurse	5170
nyc	5171
nytimes	5172
offend	5173
omg	5174
outdated	5175
owning	5176
pair	5177
pakistan	5178
palestinian	5179
pants	5180
parishes	5181
participating	5182
passenger	5183
payroll	5184
physicians	5185
playoffs	5186
poison	5187
practicing	5188
premise	5189
presumably	5190
prevented	5191
preventing	5192
privileged	5193
profession	5194
profile	5195
prosperity	5196
pursuit	5197
qaeda	5198
rampant	5199
raped	5200
rd	5201
readily	5202
realistic	5203
receives	5204
reconciliation	5205
respectfully	5206
rice	5207
rifles	5208
risen	5209
rounds	5210
routinely	5211
salvation	5212
sanity	5213
saudis	5214
scouts	5215
screaming	5216
selection	5217
separation	5218
sept	5219
shelters	5220
shirt	5221
shore	5222
silver	5223
skill	5224
slope	5225
smarter	5226
snap	5227
solving	5228
spiritual	5229
stalin	5230
statute	5231
steady	5232
stretch	5233
subsequent	5234
survival	5235
sympathetic	5236
tank	5237
tariffs	5238
taste	5239
teaches	5240
television	5241
temperature	5242
tenure	5243
testament	5244
tested	5245
thankfully	5246
theological	5247
throats	5248
tide	5249
tips	5250
tons	5251
tracks	5252
tuned	5253
twist	5254
uaa	5255
unbelievable	5256
uncomfortable	5257
uniform	5258
unit	5259
unsafe	5260
unwilling	5261
villages	5262
volume	5263
warfare	5264
weekly	5265
welcomed	5266
wheel	5267
whereas	5268
willingness	5269
wilson	5270
witch	5271
yourselves	5272
05	5273
120	5274
39	5275
51	5276
abuses	5277
aclu	5278
adam	5279
addicted	5280
additionally	5281
advisors	5282
advocates	5283
affirmative	5284
aimed	5285
allegiance	5286
ambassador	5287
amendments	5288
app	5289
asks	5290
atlantic	5291
attorneys	5292
authors	5293
avoided	5294
bait	5295
barack	5296
basket	5297
basketball	5298
bat	5299
behave	5300
boondoggle	5301
boot	5302
boycott	5303
brave	5304
bureau	5305
burned	5306
calm	5307
cans	5308
capability	5309
celebrating	5310
cells	5311
census	5312
characteristics	5313
childhood	5314
chuck	5315
chump	5316
clothes	5317
colonialism	5318
condemnation	5319
confession	5320
confirm	5321
constructive	5322
contributes	5323
cra	5324
creative	5325
cure	5326
customs	5327
cute	5328
cyclists	5329
cynical	5330
darn	5331
declined	5332
depend	5333
despicable	5334
dictate	5335
dignity	5336
dirt	5337
disturbing	5338
djou	5339
dodge	5340
dossier	5341
dreams	5342
duh	5343
eggs	5344
elephant	5345
epidemic	5346
equate	5347
estimate	5348
ethnicity	5349
evangelical	5350
evolution	5351
explaining	5352
extraordinary	5353
fancy	5354
fears	5355
feral	5356
fighter	5357
fixing	5358
fleeing	5359
footprint	5360
formed	5361
fraudulent	5362
frequent	5363
fundamentally	5364
fyi	5365
gal	5366
gangs	5367
govern	5368
grabbing	5369
grandfather	5370
handful	5371
harsh	5372
hats	5373
hb	5374
highways	5375
hip	5376
hits	5377
holocaust	5378
honesty	5379
hurricanes	5380
hysteria	5381
implying	5382
importantly	5383
indicated	5384
indicator	5385
influenced	5386
innovation	5387
intersection	5388
interviews	5389
investigative	5390
jet	5391
justices	5392
kettle	5393
knowledgeable	5394
laundering	5395
laying	5396
leaning	5397
lease	5398
lists	5399
liturgy	5400
lmao	5401
lobbyist	5402
located	5403
loyalty	5404
ludicrous	5405
luke	5406
luther	5407
magic	5408
median	5409
medium	5410
meltdown	5411
melting	5412
messages	5413
moana	5414
monica	5415
monument	5416
museum	5417
nevertheless	5418
newer	5419
nukes	5420
obesity	5421
obey	5422
occupied	5423
ohio	5424
opponent	5425
oval	5426
panels	5427
parade	5428
paragraphs	5429
partisanship	5430
passion	5431
passport	5432
patrick	5433
patriotism	5434
pearl	5435
pit	5436
principal	5437
procedure	5438
professors	5439
pun	5440
queens	5441
quoting	5442
rabid	5443
rated	5444
rcc	5445
reactions	5446
rebuild	5447
referendum	5448
refrain	5449
regulated	5450
remark	5451
remarkable	5452
renters	5453
repubs	5454
resolved	5455
rocket	5456
rogue	5457
roughly	5458
rrsp	5459
sandwich	5460
scandals	5461
seasons	5462
sectors	5463
sensible	5464
september	5465
sheet	5466
shoe	5467
sided	5468
signing	5469
similarly	5470
socially	5471
societies	5472
someday	5473
statistical	5474
stayed	5475
stunt	5476
succeed	5477
succeeded	5478
suits	5479
sunny	5480
systemic	5481
taiwan	5482
territories	5483
thoroughly	5484
tillerson	5485
torn	5486
towns	5487
trails	5488
tuesday	5489
unhinged	5490
unlimited	5491
unqualified	5492
van	5493
viewers	5494
viewpoints	5495
violating	5496
volumes	5497
wanna	5498
warriors	5499
welcoming	5500
whats	5501
wingers	5502
worthless	5503
ww2	5504
yield	5505
}	5506
10th	5507
49	5508
4th	5509
56	5510
57	5511
58	5512
62	5513
64	5514
accomplishments	5515
acknowledged	5516
administrative	5517
advertise	5518
alceste	5519
alike	5520
alot	5521
alright	5522
angle	5523
apologists	5524
appealing	5525
applaud	5526
arena	5527
arrests	5528
arts	5529
attractive	5530
attributed	5531
awhile	5532
baker	5533
bathrooms	5534
begun	5535
beloved	5536
bigots	5537
bird	5538
borrowing	5539
breathe	5540
broader	5541
bucket	5542
bump	5543
carrier	5544
category	5545
cc	5546
chairman	5547
challenging	5548
chemicals	5549
chronic	5550
chunk	5551
civics	5552
civilized	5553
clarify	5554
cleared	5555
clinics	5556
clock	5557
coalition	5558
columnist	5559
commander	5560
comparable	5561
compensate	5562
complained	5563
conclude	5564
condemned	5565
consensus	5566
considerable	5567
consumed	5568
convictions	5569
correlation	5570
coup	5571
creek	5572
cruz	5573
cuz	5574
dates	5575
daughters	5576
dealers	5577
declining	5578
deflection	5579
demise	5580
desirable	5581
determining	5582
devastating	5583
developer	5584
device	5585
devices	5586
dick	5587
diplomacy	5588
discover	5589
diseases	5590
disorder	5591
distract	5592
dnr	5593
doe	5594
doesnt	5595
donated	5596
donation	5597
dress	5598
dressed	5599
dubious	5600
eliminating	5601
empathy	5602
engine	5603
enjoying	5604
evangelicals	5605
evident	5606
evils	5607
executives	5608
exemption	5609
exercising	5610
expanded	5611
falsely	5612
faux	5613
fifth	5614
filthy	5615
findings	5616
fined	5617
fled	5618
flies	5619
fn	5620
forgetting	5621
formerly	5622
foul	5623
frustrated	5624
gods	5625
governed	5626
grasp	5627
gut	5628
handing	5629
happier	5630
harris	5631
hated	5632
haul	5633
herd	5634
hispanic	5635
hispanics	5636
htm	5637
hungry	5638
hussein	5639
hysterical	5640
icon	5641
images	5642
imagined	5643
inclined	5644
inclusion	5645
inlet	5646
insight	5647
insightful	5648
inspiration	5649
intellectually	5650
intimidate	5651
invaded	5652
invisible	5653
jan	5654
jay	5655
karma	5656
klan	5657
launch	5658
laundry	5659
leaf	5660
leaked	5661
libya	5662
licensing	5663
liquor	5664
madness	5665
maintained	5666
manafort	5667
marks	5668
marriages	5669
matches	5670
mckenna	5671
mentioning	5672
merkel	5673
meyer	5674
michelle	5675
migration	5676
mill	5677
millennials	5678
mini	5679
mismanagement	5680
mon	5681
motivation	5682
motive	5683
mps	5684
msw	5685
mutual	5686
nanny	5687
neighborhoods	5688
notes	5689
objects	5690
obsession	5691
obstruction	5692
obstructionist	5693
obtain	5694
oriented	5695
overdue	5696
oversight	5697
pandering	5698
paradise	5699
parked	5700
passive	5701
patriotic	5702
payout	5703
permitted	5704
personality	5705
petty	5706
pharma	5707
physics	5708
pork	5709
preference	5710
prejudice	5711
probable	5712
projections	5713
proposing	5714
prosecute	5715
prosecutors	5716
protects	5717
protestors	5718
provider	5719
provision	5720
purchases	5721
qualify	5722
quietly	5723
ranked	5724
rat	5725
realities	5726
recover	5727
reforms	5728
refute	5729
relevance	5730
restricting	5731
retain	5732
reveals	5733
robin	5734
rtd	5735
rubber	5736
scrutiny	5737
sends	5738
sens	5739
settle	5740
shallow	5741
shouting	5742
skeptical	5743
sons	5744
sour	5745
starters	5746
statue	5747
stinks	5748
structural	5749
studying	5750
supportive	5751
suspicious	5752
sworn	5753
takers	5754
tap	5755
targeting	5756
technologies	5757
teeth	5758
th	5759
thereof	5760
thug	5761
thumbs	5762
tie	5763
timing	5764
tires	5765
traditions	5766
traveling	5767
underlying	5768
unfit	5769
unintended	5770
unrelated	5771
unwanted	5772
vague	5773
valued	5774
virtues	5775
vis	5776
vp	5777
washing	5778
whilst	5779
wine	5780
workforce	5781
worries	5782
ww	5783
yea	5784
yelling	5785
101	5786
1500	5787
1970	5788
2001	5789
47	5790
72	5791
90s	5792
abusive	5793
accuracy	5794
accusing	5795
achievement	5796
addresses	5797
adjust	5798
advise	5799
advisers	5800
affiliation	5801
alabama	5802
alas	5803
altogether	5804
anyways	5805
appointments	5806
arrive	5807
aspx	5808
assange	5809
assertions	5810
attitudes	5811
awarded	5812
baloney	5813
bases	5814
behaviors	5815
benefited	5816
biden	5817
blindly	5818
blowing	5819
blown	5820
boats	5821
boring	5822
boyfriend	5823
brief	5824
businessman	5825
campbell	5826
capitalist	5827
captured	5828
carries	5829
carter	5830
catastrophic	5831
caucus	5832
cdn	5833
censored	5834
centers	5835
certificate	5836
charitable	5837
cheese	5838
circuit	5839
citations	5840
colin	5841
commented	5842
concert	5843
confident	5844
confront	5845
congestion	5846
constituency	5847
constitute	5848
constructed	5849
continent	5850
contraceptives	5851
contrast	5852
conway	5853
corrected	5854
costco	5855
coward	5856
crooks	5857
damaged	5858
dance	5859
dec	5860
declaring	5861
defeated	5862
deferred	5863
defining	5864
deliberate	5865
demonstration	5866
deniers	5867
denounce	5868
dependency	5869
derogatory	5870
destination	5871
detailed	5872
devos	5873
didnt	5874
difficulty	5875
dishonesty	5876
dispatch	5877
dissent	5878
distant	5879
dna	5880
dominated	5881
drumpf	5882
dumped	5883
dumping	5884
economists	5885
edition	5886
egypt	5887
electronic	5888
emphasis	5889
equalization	5890
equivalency	5891
essay	5892
essence	5893
exceptions	5894
executed	5895
explains	5896
exposing	5897
factories	5898
factually	5899
fame	5900
fascists	5901
fdr	5902
fights	5903
financed	5904
financing	5905
finest	5906
flagged	5907
flags	5908
flash	5909
folly	5910
forbid	5911
frame	5912
freely	5913
functioning	5914
garden	5915
genetic	5916
georgia	5917
gifts	5918
globally	5919
gmo	5920
goodbye	5921
griffin	5922
guantanamo	5923
hahaha	5924
happily	5925
healing	5926
hearings	5927
height	5928
helfrich	5929
helicopter	5930
homicide	5931
hominem	5932
homosexual	5933
homosexuality	5934
homosexuals	5935
honorable	5936
horgan	5937
hostility	5938
humble	5939
hung	5940
hype	5941
iii	5942
imho	5943
imperial	5944
implemented	5945
imported	5946
improvements	5947
inches	5948
incorporated	5949
indefensible	5950
indoctrination	5951
inherently	5952
initially	5953
insisted	5954
interfering	5955
invasive	5956
inventory	5957
irt	5958
isolated	5959
jackson	5960
jersey	5961
johnny	5962
journey	5963
jumped	5964
ken	5965
kenney	5966
landlord	5967
lawful	5968
leak	5969
leg	5970
lest	5971
lewis	5972
likewise	5973
log	5974
lpc	5975
lump	5976
magazines	5977
maker	5978
managing	5979
mason	5980
mayors	5981
meds	5982
michigan	5983
mil	5984
millionaires	5985
misinformed	5986
moments	5987
monies	5988
monitor	5989
monster	5990
morgan	5991
mortgages	5992
moscow	5993
movements	5994
municipalities	5995
murderous	5996
murray	5997
nancy	5998
newly	5999
occurring	6000
odds	6001
olds	6002
orientation	6003
outlets	6004
outs	6005
overly	6006
owes	6007
painful	6008
paranoid	6009
partially	6010
pastor	6011
peacefully	6012
performing	6013
perpetual	6014
petroleum	6015
pharmaceutical	6016
phase	6017
placing	6018
pledge	6019
polite	6020
predator	6021
preparing	6022
presume	6023
printed	6024
problematic	6025
processing	6026
promising	6027
prospects	6028
provisions	6029
prudent	6030
pundits	6031
qualities	6032
raid	6033
rank	6034
rats	6035
recruit	6036
reflection	6037
releases	6038
relying	6039
renting	6040
replied	6041
reps	6042
requests	6043
researchers	6044
resigned	6045
rhyner	6046
richmond	6047
rifle	6048
ritual	6049
rot	6050
salad	6051
salt	6052
sands	6053
scaramucci	6054
seal	6055
seasonal	6056
secondary	6057
sentenced	6058
settlements	6059
settlers	6060
shirts	6061
shortage	6062
shoulder	6063
shoulders	6064
sing	6065
ski	6066
skinned	6067
sleeping	6068
smoked	6069
sober	6070
souls	6071
spell	6072
spewing	6073
splitting	6074
spy	6075
statewide	6076
stem	6077
stevens	6078
strictly	6079
strip	6080
supremacy	6081
suspected	6082
swear	6083
swimming	6084
symbol	6085
taxi	6086
theme	6087
thereby	6088
thief	6089
thier	6090
thieves	6091
timber	6092
titles	6093
token	6094
totalitarian	6095
tourist	6096
trace	6097
tracking	6098
trades	6099
trailer	6100
treasury	6101
treaty	6102
truthful	6103
ua	6104
unpopular	6105
updated	6106
upside	6107
visited	6108
wade	6109
waikiki	6110
wapo	6111
ward	6112
wednesday	6113
whistle	6114
wishing	6115
wonders	6116
writings	6117
yemen	6118
z	6119
03	6120
1998	6121
60s	6122
6th	6123
70s	6124
71	6125
abide	6126
abilities	6127
abusing	6128
adjusted	6129
adviser	6130
agendas	6131
aim	6132
akin	6133
aleppo	6134
alien	6135
apartments	6136
apostles	6137
appreciation	6138
appropriation	6139
assaults	6140
assignment	6141
ate	6142
audio	6143
aug	6144
australian	6145
automation	6146
backward	6147
balls	6148
bare	6149
beauty	6150
bedroom	6151
bellevue	6152
belt	6153
biological	6154
bitter	6155
bloody	6156
bone	6157
bonus	6158
boom	6159
booth	6160
bow	6161
brad	6162
brainwashed	6163
breed	6164
bro	6165
brotherhood	6166
bud	6167
campaigning	6168
camping	6169
campuses	6170
careless	6171
casualties	6172
caution	6173
celebration	6174
centres	6175
chad	6176
cheating	6177
chew	6178
cigarettes	6179
circus	6180
clerics	6181
cliff	6182
cole	6183
collapsed	6184
collection	6185
collectively	6186
colors	6187
columbia	6188
commentators	6189
commenter	6190
commissioners	6191
compassionate	6192
competing	6193
complexity	6194
concluded	6195
cont	6196
contention	6197
crack	6198
crickets	6199
crimea	6200
criticized	6201
crow	6202
cruelty	6203
curiosity	6204
custody	6205
daycare	6206
deductible	6207
deed	6208
deeds	6209
deer	6210
democracies	6211
dennis	6212
desert	6213
desired	6214
desk	6215
despise	6216
diem	6217
disagreed	6218
disasters	6219
discourage	6220
dismiss	6221
dogma	6222
donnie	6223
doubled	6224
dragged	6225
drilling	6226
drivel	6227
ears	6228
earthquake	6229
eco	6230
egregious	6231
eisenhower	6232
elevated	6233
emperor	6234
empirical	6235
encourages	6236
engineer	6237
enlightened	6238
enterprise	6239
ergo	6240
errors	6241
estimates	6242
evidently	6243
evolving	6244
experiment	6245
explore	6246
explosion	6247
favors	6248
felons	6249
ferry	6250
filling	6251
flesh	6252
flown	6253
forbidden	6254
forecast	6255
forgiveness	6256
formula	6257
foundations	6258
freeze	6259
frightening	6260
fta	6261
furious	6262
futures	6263
gaining	6264
gate	6265
gordon	6266
gravity	6267
grey	6268
grossly	6269
guidelines	6270
guptas	6271
habits	6272
habs	6273
harass	6274
heating	6275
hemp	6276
henry	6277
herring	6278
hierarchy	6279
hoax	6280
holiday	6281
homeland	6282
honored	6283
honour	6284
hosts	6285
hugh	6286
hunger	6287
hunter	6288
hyper	6289
identical	6290
identifies	6291
idiocy	6292
ilk	6293
inconvenient	6294
intense	6295
intentions	6296
investigators	6297
jill	6298
joining	6299
judged	6300
kaepernick	6301
kathy	6302
kennedy	6303
labeled	6304
laity	6305
lawn	6306
lean	6307
leap	6308
legalize	6309
licenses	6310
lifted	6311
limitations	6312
loop	6313
lovers	6314
luckily	6315
magnitude	6316
mahalo	6317
makers	6318
mantra	6319
mao	6320
mega	6321
melt	6322
mentions	6323
merits	6324
min	6325
minions	6326
mobile	6327
moms	6328
monarchy	6329
morals	6330
mosul	6331
motives	6332
mountains	6333
mt	6334
mystery	6335
nearby	6336
needing	6337
needy	6338
neglect	6339
negotiated	6340
neighbour	6341
nest	6342
networks	6343
nick	6344
nights	6345
nominated	6346
norms	6347
nowadays	6348
obtained	6349
occasional	6350
oceans	6351
optics	6352
overwhelmingly	6353
oxygen	6354
oz	6355
palestine	6356
parrot	6357
patience	6358
patriot	6359
patriots	6360
patterns	6361
pedestrian	6362
peers	6363
peninsula	6364
perry	6365
persecution	6366
pesky	6367
pete	6368
pill	6369
pitch	6370
pitching	6371
pizza	6372
plea	6373
pleasant	6374
pleased	6375
pole	6376
pony	6377
pose	6378
potato	6379
pound	6380
pp	6381
prediction	6382
pres	6383
prescription	6384
presents	6385
primaries	6386
proceed	6387
produces	6388
promotes	6389
prosecuting	6390
protective	6391
purchasing	6392
purely	6393
qatar	6394
qualifications	6395
quotas	6396
radar	6397
radiation	6398
ralph	6399
rand	6400
rapists	6401
reader	6402
recorded	6403
recreational	6404
redistribution	6405
registry	6406
rejection	6407
relax	6408
remained	6409
reminder	6410
responsibilities	6411
restrict	6412
rhetorical	6413
rogers	6414
roots	6415
rotten	6416
routine	6417
rs	6418
satan	6419
satisfied	6420
sc	6421
scc	6422
scenes	6423
scope	6424
scoring	6425
screwing	6426
seafood	6427
sections	6428
selfie	6429
semitism	6430
separated	6431
sewer	6432
shadow	6433
singing	6434
sized	6435
sloter	6436
smallest	6437
smh	6438
soccer	6439
sophisticated	6440
springs	6441
spur	6442
starvation	6443
steven	6444
stones	6445
subjects	6446
subsidizing	6447
substantially	6448
substantive	6449
suburbs	6450
suited	6451
superficial	6452
supervisor	6453
suppression	6454
surrender	6455
surrounding	6456
sustain	6457
swing	6458
targets	6459
tariff	6460
taxable	6461
teen	6462
teenager	6463
tent	6464
testified	6465
thankful	6466
theirs	6467
theologians	6468
therein	6469
towers	6470
tpp	6471
tremendous	6472
trials	6473
troopers	6474
trumpster	6475
trusts	6476
tunnel	6477
unbiased	6478
understands	6479
verbal	6480
vets	6481
vicious	6482
walls	6483
warrant	6484
watson	6485
wedding	6486
wells	6487
wet	6488
whidbey	6489
willfully	6490
williams	6491
wisely	6492
yearly	6493
{	6494
180	6495
1950s	6496
1984	6497
19th	6498
2006	6499
450	6500
63	6501
900	6502
911	6503
9th	6504
abandon	6505
abolished	6506
absence	6507
accordingly	6508
accounting	6509
accurately	6510
adjustment	6511
admission	6512
advances	6513
advantages	6514
advised	6515
advisor	6516
affair	6517
aga	6518
albertans	6519
ally	6520
amen	6521
americas	6522
amusing	6523
anchor	6524
ancient	6525
anxiety	6526
applications	6527
appropriately	6528
arriving	6529
artificial	6530
assigned	6531
assist	6532
assistant	6533
associates	6534
assumed	6535
assured	6536
attracted	6537
authorized	6538
award	6539
awards	6540
backlash	6541
bankers	6542
baptized	6543
barriers	6544
barry	6545
bbc	6546
begich	6547
believer	6548
beneath	6549
beside	6550
bicycles	6551
bikers	6552
billing	6553
blast	6554
bleeding	6555
blessing	6556
bold	6557
booze	6558
boundaries	6559
bout	6560
brazil	6561
breakfast	6562
bribed	6563
broker	6564
bruce	6565
brush	6566
buffoon	6567
bureaucrats	6568
candidacy	6569
carriers	6570
cattle	6571
cb	6572
cbs	6573
celebrated	6574
celibacy	6575
cf	6576
chapter	6577
chase	6578
chased	6579
cheapest	6580
cheney	6581
chinatown	6582
chip	6583
chooses	6584
circles	6585
citation	6586
citing	6587
citizenry	6588
civic	6589
clarification	6590
clarity	6591
cleanup	6592
cleveland	6593
closest	6594
clubs	6595
coastal	6596
coffers	6597
coincidence	6598
colour	6599
commons	6600
communists	6601
component	6602
comprehensive	6603
compromised	6604
concealed	6605
confederation	6606
confirmation	6607
consume	6608
contained	6609
continuously	6610
conveniently	6611
cooking	6612
corrupted	6613
creep	6614
csis	6615
dating	6616
deception	6617
decreasing	6618
delusion	6619
deprived	6620
deserving	6621
designated	6622
digging	6623
diminish	6624
dire	6625
disability	6626
discount	6627
disgraceful	6628
disgusted	6629
disrespectful	6630
distinguish	6631
distracted	6632
dreamers	6633
duped	6634
dutch	6635
dynamic	6636
ease	6637
ec	6638
efficiently	6639
elizabeth	6640
embraced	6641
emotionally	6642
enabled	6643
enhanced	6644
entrance	6645
epic	6646
escaped	6647
eve	6648
exceed	6649
exceeded	6650
excluded	6651
exclusion	6652
exemptions	6653
fare	6654
fearful	6655
february	6656
fifty	6657
fighters	6658
filter	6659
fiscally	6660
fisheries	6661
flew	6662
flooding	6663
forgive	6664
forums	6665
frustration	6666
fulfilling	6667
functional	6668
fundraising	6669
ga	6670
gabbard	6671
gaza	6672
gene	6673
goose	6674
gorsuch	6675
graduates	6676
grammar	6677
grandparents	6678
gray	6679
grip	6680
gst	6681
gum	6682
guts	6683
hamilton	6684
harvest	6685
hating	6686
holdings	6687
hop	6688
hoped	6689
hurting	6690
ideals	6691
imagination	6692
implied	6693
imposing	6694
inane	6695
incarceration	6696
indication	6697
inefficient	6698
innuendo	6699
insignificant	6700
interaction	6701
interim	6702
invading	6703
invented	6704
irish	6705
jeopardy	6706
jerry	6707
jp	6708
judiciary	6709
jurisdictions	6710
kathleen	6711
kealoha	6712
kevin	6713
kicking	6714
kidnapped	6715
larry	6716
lawrence	6717
lbs	6718
legislator	6719
leo	6720
lgbtq	6721
liability	6722
licensed	6723
lifelong	6724
lift	6725
lining	6726
looting	6727
loudly	6728
lust	6729
macron	6730
mandates	6731
manufacturers	6732
marches	6733
marching	6734
marketplace	6735
marx	6736
mat	6737
mature	6738
md	6739
mechanics	6740
meddling	6741
meets	6742
metal	6743
misses	6744
mortal	6745
mosque	6746
mouths	6747
movies	6748
murdering	6749
nader	6750
naked	6751
necessity	6752
neighbourhood	6753
ng	6754
nobel	6755
nonetheless	6756
nonsensical	6757
noting	6758
nurses	6759
objection	6760
objections	6761
obligations	6762
observations	6763
olf	6764
operated	6765
organic	6766
orleans	6767
osama	6768
ounce	6769
override	6770
painted	6771
parallel	6772
paranoia	6773
paycheck	6774
pelosi	6775
pepper	6776
permitting	6777
pets	6778
pew	6779
ploy	6780
poland	6781
polar	6782
populace	6783
popularity	6784
poses	6785
potter	6786
prefers	6787
preschool	6788
prevention	6789
printing	6790
proclaimed	6791
prone	6792
proposition	6793
prospect	6794
protocol	6795
psychological	6796
publications	6797
pumped	6798
punishing	6799
puppets	6800
pushes	6801
quarterback	6802
questioning	6803
rants	6804
raping	6805
reaching	6806
recruiting	6807
reese	6808
refers	6809
reflected	6810
rehabilitation	6811
relocate	6812
renewal	6813
replies	6814
requested	6815
restriction	6816
reviewing	6817
rewarded	6818
ridden	6819
riot	6820
romans	6821
ronald	6822
royalty	6823
ruined	6824
sacraments	6825
saddam	6826
sanctimonious	6827
santa	6828
scotland	6829
scout	6830
sec	6831
sentiment	6832
seward	6833
sham	6834
shifting	6835
shining	6836
shoes	6837
shout	6838
shutting	6839
signals	6840
sincere	6841
slack	6842
slippery	6843
soda	6844
sounded	6845
spew	6846
sporting	6847
squeeze	6848
stabbed	6849
stagnant	6850
statutes	6851
storms	6852
strategies	6853
stroke	6854
subtle	6855
sucks	6856
suicidal	6857
sunshine	6858
survivors	6859
susan	6860
sway	6861
symbolic	6862
symbols	6863
tackle	6864
taliban	6865
tape	6866
temperatures	6867
terribly	6868
territorial	6869
tho	6870
threads	6871
throws	6872
tight	6873
til	6874
tories	6875
touched	6876
trauma	6877
travesty	6878
trumpcare	6879
tweeted	6880
ukrainian	6881
unarmed	6882
understandable	6883
unhappy	6884
unjust	6885
unlawful	6886
upheld	6887
utah	6888
vaccine	6889
versions	6890
visas	6891
voluntarily	6892
wa	6893
wasteful	6894
watches	6895
waves	6896
weekends	6897
willamette	6898
willful	6899
william	6900
willingly	6901
winds	6902
wink	6903
wiped	6904
wisconsin	6905
wit	6906
witnessing	6907
wives	6908
wolves	6909
wording	6910
worlds	6911
wounded	6912
wreck	6913
|	6914
125	6915
1970s	6916
1980s	6917
1993	6918
2004	6919
67	6920
82	6921
\	6922
absorb	6923
accidental	6924
acid	6925
activism	6926
adoption	6927
advocacy	6928
affecting	6929
africans	6930
alert	6931
alex	6932
allah	6933
anecdotal	6934
answering	6935
appalling	6936
ar	6937
architect	6938
asbestos	6939
assaulting	6940
assisted	6941
assumes	6942
astounding	6943
attendant	6944
avoidance	6945
avs	6946
banana	6947
bang	6948
beds	6949
beg	6950
berkeley	6951
berkowitz	6952
biases	6953
bicycle	6954
blank	6955
blogs	6956
blows	6957
bog	6958
breakdown	6959
breast	6960
bundy	6961
burger	6962
burns	6963
burst	6964
bury	6965
butter	6966
buys	6967
calculation	6968
candy	6969
cape	6970
carson	6971
cdf	6972
celebrity	6973
celibate	6974
chess	6975
cleaned	6976
cleric	6977
colleagues	6978
collins	6979
colluding	6980
colonial	6981
commend	6982
committees	6983
commodity	6984
communicate	6985
compact	6986
compelled	6987
compelling	6988
conception	6989
congressman	6990
considers	6991
construct	6992
consuming	6993
continual	6994
contractor	6995
convincing	6996
cory	6997
costing	6998
cottage	6999
counties	7000
criminally	7001
critique	7002
crop	7003
crops	7004
crosses	7005
crystal	7006
dalton	7007
dealings	7008
debated	7009
debunked	7010
deceptive	7011
defer	7012
dei	7013
delegates	7014
delegation	7015
dementia	7016
density	7017
deputy	7018
deranged	7019
developments	7020
dictators	7021
diminishing	7022
disproportionate	7023
distribute	7024
ditch	7025
divert	7026
dmv	7027
dominate	7028
donny	7029
dope	7030
dragging	7031
dramatic	7032
drastically	7033
drawing	7034
drops	7035
dummy	7036
ear	7037
edit	7038
educators	7039
einstein	7040
elliott	7041
emerge	7042
emotion	7043
endorsement	7044
engines	7045
enlightenment	7046
environmentalists	7047
eternal	7048
evolved	7049
exaggeration	7050
exciting	7051
expectations	7052
expenditures	7053
experiencing	7054
exploit	7055
exploited	7056
extremes	7057
facto	7058
factory	7059
farce	7060
farming	7061
fascinating	7062
fatal	7063
favorable	7064
fishermen	7065
foods	7066
fooled	7067
footage	7068
forbes	7069
fortunes	7070
founders	7071
freak	7072
fundamentalist	7073
g7	7074
garage	7075
gates	7076
genesis	7077
genitals	7078
genuinely	7079
gic	7080
gosh	7081
grabbed	7082
grades	7083
groceries	7084
gw	7085
hacks	7086
harms	7087
harvard	7088
heinous	7089
heroes	7090
ho	7091
holland	7092
hollow	7093
homeowners	7094
hood	7095
hoover	7096
horn	7097
horrendous	7098
hq	7099
hrs	7100
humane	7101
hydrogen	7102
ian	7103
ideologies	7104
illinois	7105
impeach	7106
implementing	7107
improper	7108
incarcerated	7109
inclusive	7110
incoming	7111
incorporate	7112
indictment	7113
indirectly	7114
infallible	7115
inferior	7116
inflammatory	7117
influencing	7118
insiders	7119
install	7120
insufficient	7121
intends	7122
intolerant	7123
intoxicated	7124
jane	7125
jean	7126
juvenile	7127
kauai	7128
kenai	7129
killers	7130
kindness	7131
kong	7132
kremlin	7133
labeling	7134
labs	7135
landscape	7136
las	7137
lasting	7138
laughed	7139
launched	7140
lax	7141
legit	7142
loretta	7143
lowering	7144
marginal	7145
matt	7146
maturity	7147
medications	7148
methane	7149
mighty	7150
mines	7151
misdemeanor	7152
mlk	7153
monsters	7154
montana	7155
mood	7156
motorists	7157
multitude	7158
mussolini	7159
narcissist	7160
nationalism	7161
nationalist	7162
nationwide	7163
negligent	7164
negotiation	7165
negro	7166
newest	7167
nov	7168
nuggets	7169
oak	7170
objectives	7171
observe	7172
occasions	7173
oklahoma	7174
oldest	7175
operates	7176
optimistic	7177
os	7178
overlooked	7179
overtime	7180
pac	7181
packing	7182
pan	7183
par	7184
parenting	7185
parl	7186
paths	7187
pavement	7188
pee	7189
pending	7190
pennsylvania	7191
perfection	7192
permanently	7193
phenomenon	7194
piss	7195
plantation	7196
plausible	7197
playground	7198
plural	7199
pools	7200
popes	7201
pouring	7202
practiced	7203
preposterous	7204
presentation	7205
presenting	7206
preservation	7207
prevents	7208
prey	7209
privately	7210
privatization	7211
probe	7212
prohibit	7213
pt	7214
pub	7215
publishing	7216
punch	7217
pursuing	7218
pv	7219
quest	7220
quota	7221
radioactive	7222
rainbow	7223
rallies	7224
rapid	7225
rc	7226
reaches	7227
recipe	7228
recipients	7229
recognizes	7230
recycling	7231
redneck	7232
referenced	7233
relation	7234
replacing	7235
reservation	7236
resist	7237
respecting	7238
respects	7239
resume	7240
reversed	7241
revolt	7242
riddance	7243
ridicule	7244
robust	7245
roe	7246
sacrament	7247
safeway	7248
salute	7249
saskatchewan	7250
saunders	7251
saves	7252
scalia	7253
scams	7254
scholarship	7255
seals	7256
secretive	7257
secrets	7258
segment	7259
selfies	7260
seller	7261
setup	7262
shorter	7263
shortly	7264
sidewalk	7265
sighted	7266
simultaneously	7267
sinful	7268
skewed	7269
slaughter	7270
slight	7271
sloppy	7272
slush	7273
smear	7274
smug	7275
specialists	7276
spectacular	7277
speculators	7278
speer	7279
spelling	7280
sphere	7281
spill	7282
spine	7283
spiral	7284
spokesman	7285
sponsors	7286
spots	7287
spouses	7288
staffers	7289
statistic	7290
steadily	7291
steam	7292
stepped	7293
sticking	7294
su	7295
subjected	7296
submission	7297
substances	7298
sucking	7299
suffers	7300
suicides	7301
suing	7302
suitable	7303
sum	7304
sums	7305
supplies	7306
surrounded	7307
surveillance	7308
survived	7309
swift	7310
switched	7311
tab	7312
tale	7313
tapping	7314
tb	7315
teenagers	7316
tendencies	7317
testify	7318
texting	7319
tfsa	7320
thorough	7321
thrilled	7322
thrive	7323
toe	7324
tooth	7325
transferred	7326
translate	7327
trends	7328
tribe	7329
trustworthy	7330
turnout	7331
tweeting	7332
twisted	7333
tyranny	7334
unaware	7335
uncertain	7336
undermining	7337
undo	7338
unethical	7339
universally	7340
upcoming	7341
uphold	7342
urgency	7343
ussr	7344
vacancy	7345
vacations	7346
vendors	7347
venture	7348
veteran	7349
vetted	7350
viewing	7351
vital	7352
vocabulary	7353
von	7354
warranted	7355
warrants	7356
watergate	7357
wavemaker	7358
whales	7359
whitehouse	7360
wider	7361
widespread	7362
wildly	7363
withdraw	7364
worthwhile	7365
wtf	7366
160	7367
1960	7368
1960s	7369
1964	7370
1967	7371
1976	7372
1982	7373
1996	7374
69	7375
80s	7376
abc	7377
ac	7378
aces	7379
admin	7380
admits	7381
admittedly	7382
adultery	7383
advertisers	7384
afternoon	7385
aggression	7386
aggressively	7387
ahh	7388
aide	7389
aiming	7390
album	7391
alexander	7392
ali	7393
alliance	7394
alumni	7395
amazed	7396
amnesty	7397
ample	7398
anglican	7399
announce	7400
apologist	7401
aquinas	7402
arabs	7403
arbitrary	7404
argentina	7405
asians	7406
assaulted	7407
asset	7408
assimilate	7409
astonishing	7410
attribute	7411
authoritarianism	7412
ave	7413
backyard	7414
balances	7415
bark	7416
basics	7417
basin	7418
belonging	7419
bench	7420
bi	7421
bigly	7422
birthday	7423
bites	7424
bombings	7425
boo	7426
bosses	7427
boston	7428
bp	7429
brakes	7430
branches	7431
bristol	7432
brits	7433
bubbles	7434
bugs	7435
bullets	7436
caesar	7437
calculated	7438
casting	7439
casual	7440
celebrities	7441
censor	7442
centered	7443
chancellor	7444
channels	7445
characteristic	7446
chelsea	7447
clauses	7448
cleansing	7449
coghill	7450
coin	7451
cois	7452
columnists	7453
comedy	7454
commissions	7455
commute	7456
compass	7457
competitors	7458
complicit	7459
components	7460
condescending	7461
condolences	7462
condone	7463
confederacy	7464
conferences	7465
confirms	7466
contacted	7467
contradicts	7468
contributors	7469
conventional	7470
cooling	7471
cooperate	7472
corn	7473
coupeville	7474
coupled	7475
couples	7476
courthouse	7477
cousins	7478
cows	7479
cpi	7480
creator	7481
crews	7482
crush	7483
crushed	7484
ctv	7485
curve	7486
cycles	7487
dakota	7488
damned	7489
dangers	7490
daniel	7491
database	7492
davis	7493
daylight	7494
deductibles	7495
deficient	7496
delaying	7497
delays	7498
demonizing	7499
denmark	7500
depleted	7501
deportation	7502
descent	7503
desmond	7504
detached	7505
devoted	7506
devotion	7507
diagnosed	7508
ding	7509
dip	7510
directions	7511
directors	7512
disadvantaged	7513
disappointing	7514
disciples	7515
disclosure	7516
discretion	7517
dismal	7518
distinct	7519
distributed	7520
divorced	7521
documentary	7522
doj	7523
dominance	7524
dominant	7525
donuts	7526
downright	7527
doyle	7528
draws	7529
dreaming	7530
duke	7531
dysfunctional	7532
edmonton	7533
educating	7534
eg	7535
emoji	7536
enable	7537
enacted	7538
endeavor	7539
endure	7540
enjoys	7541
enrich	7542
enriching	7543
enslaved	7544
entrenched	7545
erase	7546
erosion	7547
ethic	7548
evaluate	7549
examine	7550
exclude	7551
excluding	7552
existential	7553
expectancy	7554
fabric	7555
fairy	7556
fallacy	7557
fallout	7558
fashioned	7559
fema	7560
fiber	7561
fireworks	7562
fitting	7563
flaws	7564
fleet	7565
flint	7566
footing	7567
forefathers	7568
founder	7569
franchise	7570
francisco	7571
fulfill	7572
functions	7573
furniture	7574
fusion	7575
gallon	7576
gases	7577
gathered	7578
gauge	7579
generalization	7580
generalizations	7581
ghg	7582
glacier	7583
glasses	7584
globalization	7585
goo	7586
grad	7587
graham	7588
grandkids	7589
grandson	7590
grows	7591
guest	7592
gullible	7593
hanabusa	7594
harmful	7595
hazard	7596
headquarters	7597
hefty	7598
hires	7599
homer	7600
homophobic	7601
hopeful	7602
horrors	7603
hp	7604
humanitarian	7605
immune	7606
impaired	7607
impartial	7608
implication	7609
inadequate	7610
inch	7611
inconsistent	7612
individually	7613
ineffective	7614
inevitably	7615
infamous	7616
infant	7617
informative	7618
ing	7619
innovative	7620
installed	7621
installing	7622
instant	7623
instruction	7624
insure	7625
integration	7626
intentional	7627
interactions	7628
invitation	7629
italians	7630
jason	7631
jenkins	7632
jihad	7633
jonah	7634
journalistic	7635
jp2	7636
judas	7637
juice	7638
keith	7639
keystone	7640
kinder	7641
knees	7642
knocking	7643
lakes	7644
landing	7645
lebanon	7646
legalized	7647
les	7648
lifestyles	7649
limiting	7650
lip	7651
literal	7652
loathing	7653
lone	7654
loophole	7655
loopholes	7656
los	7657
louis	7658
lousy	7659
lows	7660
lucrative	7661
lyrics	7662
magical	7663
manages	7664
manoa	7665
marginalized	7666
marked	7667
meals	7668
menu	7669
merry	7670
mirrors	7671
misconduct	7672
miserable	7673
miserably	7674
misery	7675
mitch	7676
mommy	7677
moses	7678
multiculturalism	7679
mutually	7680
myriad	7681
narcissism	7682
naval	7683
negatives	7684
negligence	7685
nenshi	7686
nerve	7687
nod	7688
notorious	7689
nyt	7690
occasion	7691
occupying	7692
offending	7693
offenses	7694
offs	7695
ole	7696
olympics	7697
onus	7698
opens	7699
oppressed	7700
opt	7701
opus	7702
oranges	7703
ordain	7704
osweiler	7705
outdoors	7706
output	7707
outraged	7708
outreach	7709
overnight	7710
overwhelmed	7711
pace	7712
packed	7713
parental	7714
parliamentary	7715
parole	7716
paste	7717
pat	7718
patrol	7719
pause	7720
pbs	7721
pedophile	7722
pentagon	7723
perception	7724
perks	7725
perp	7726
perpetrator	7727
perpetuate	7728
pertinent	7729
phoenix	7730
plague	7731
playbook	7732
playoff	7733
plot	7734
plow	7735
plug	7736
poisoning	7737
polish	7738
ports	7739
posing	7740
predicated	7741
priestly	7742
principals	7743
probation	7744
processed	7745
prophet	7746
proportion	7747
proxy	7748
punitive	7749
purse	7750
pussy	7751
puzzled	7752
rag	7753
rap	7754
reactionary	7755
reap	7756
rear	7757
reasoned	7758
rebels	7759
recognizing	7760
reelection	7761
refreshing	7762
remington	7763
renamed	7764
resisting	7765
retreat	7766
reuters	7767
richer	7768
rides	7769
rightfully	7770
robbery	7771
robbing	7772
roi	7773
roofs	7774
rope	7775
ross	7776
roster	7777
rub	7778
sacrificed	7779
sailors	7780
saints	7781
sam	7782
sample	7783
scenarios	7784
scheduled	7785
schemes	7786
scholars	7787
scholarships	7788
scores	7789
screening	7790
script	7791
sean	7792
sears	7793
secrecy	7794
seed	7795
seekers	7796
semitic	7797
servers	7798
sf	7799
sh	7800
shadows	7801
shakespeare	7802
sheesh	7803
shield	7804
shifts	7805
shred	7806
shutdown	7807
significance	7808
silencing	7809
singular	7810
sinners	7811
sioux	7812
sizes	7813
snake	7814
sneak	7815
solomon	7816
somalia	7817
sooo	7818
speakers	7819
spicer	7820
sponsor	7821
sprinkler	7822
stability	7823
stamp	7824
stanford	7825
staradvertiser	7826
starve	7827
stat	7828
statistically	7829
stink	7830
stranger	7831
stripes	7832
sucked	7833
sucker	7834
suckers	7835
sufficiently	7836
superiority	7837
suspicion	7838
swiss	7839
tag	7840
tanker	7841
tankers	7842
tanks	7843
tds	7844
temple	7845
tenant	7846
tendency	7847
theocracy	7848
theoretically	7849
thursday	7850
tmt	7851
toast	7852
toll	7853
tongue	7854
traded	7855
traditionally	7856
traitorous	7857
trapped	7858
treasonous	7859
triggered	7860
trumpers	7861
tsa	7862
typing	7863
typo	7864
ummm	7865
unaffordable	7866
unelected	7867
unexpected	7868
untrue	7869
unwillingness	7870
upgrade	7871
usccb	7872
utilize	7873
verdict	7874
violates	7875
visual	7876
vitriol	7877
vocal	7878
vulgar	7879
waited	7880
wallets	7881
warmer	7882
websites	7883
wholly	7884
wings	7885
winters	7886
wishful	7887
wmd	7888
workplace	7889
worn	7890
wrap	7891
xenophobic	7892
xi	7893
yikes	7894
zealots	7895
zille	7896
100k	7897
140	7898
1787	7899
1973	7900
1985	7901
1990s	7902
1994	7903
2002	7904
2030	7905
61	7906
68	7907
750	7908
77	7909
78	7910
81	7911
94	7912
^	7913
accessible	7914
accountants	7915
adapt	7916
adhere	7917
adjustments	7918
administrations	7919
admiration	7920
advancing	7921
affiliated	7922
affluent	7923
affordability	7924
afterwards	7925
airplanes	7926
alarming	7927
alcoholic	7928
allan	7929
allegation	7930
alleviate	7931
alter	7932
amaze	7933
ambiguous	7934
ambitious	7935
ambrose	7936
ambulance	7937
amend	7938
announcement	7939
antarctic	7940
anthony	7941
appalled	7942
appreciated	7943
appropriated	7944
approx	7945
arkansas	7946
arming	7947
arpaio	7948
arrival	7949
arrives	7950
artificially	7951
associate	7952
atomic	7953
attraction	7954
attributes	7955
auditor	7956
austerity	7957
auwe	7958
avenue	7959
az	7960
backup	7961
bacon	7962
baltimore	7963
barbara	7964
barrier	7965
beef	7966
begging	7967
behaving	7968
beneficiaries	7969
berlin	7970
binary	7971
bitumen	7972
blackface	7973
blames	7974
bolster	7975
bones	7976
borne	7977
boulder	7978
boxes	7979
brady	7980
breathing	7981
bribes	7982
bridges	7983
broadcast	7984
brokers	7985
buffet	7986
cafeteria	7987
cal	7988
cali	7989
cancelling	7990
catastrophe	7991
catching	7992
caucasian	7993
cave	7994
cdc	7995
ceiling	7996
centrist	7997
ceos	7998
cesspool	7999
champagne	8000
champion	8001
cheaply	8002
cheated	8003
cheer	8004
chevy	8005
ching	8006
clapper	8007
clerical	8008
clericalism	8009
climbing	8010
coke	8011
commits	8012
compares	8013
comparisons	8014
compatible	8015
compound	8016
conceivable	8017
consciousness	8018
consecutive	8019
considerably	8020
contacts	8021
contraception	8022
contradict	8023
contradictory	8024
convoluted	8025
cookies	8026
corners	8027
corrections	8028
counseling	8029
cowboy	8030
credentials	8031
crucial	8032
cuban	8033
cue	8034
culprit	8035
culturally	8036
custom	8037
cyber	8038
damning	8039
dean	8040
declines	8041
deem	8042
definitive	8043
demographics	8044
denies	8045
deposit	8046
dermot	8047
detect	8048
determines	8049
diagnosis	8050
dialog	8051
differ	8052
differentiate	8053
difficulties	8054
dion	8055
disclose	8056
discouraged	8057
disguised	8058
disliked	8059
displeasure	8060
disposal	8061
dissonance	8062
distorted	8063
ditto	8064
doh	8065
dome	8066
donating	8067
doubtful	8068
downhill	8069
drunken	8070
dual	8071
dudes	8072
dug	8073
dumber	8074
dumbest	8075
eagle	8076
eclipse	8077
eddie	8078
efficiency	8079
egos	8080
ei	8081
elaborate	8082
embassy	8083
enabler	8084
enact	8085
endanger	8086
endorse	8087
enlighten	8088
enquirer	8089
enrollment	8090
entitlements	8091
entrepreneurs	8092
equals	8093
ers	8094
establishing	8095
esteem	8096
evaluation	8097
examination	8098
exceptional	8099
excerpts	8100
exchanges	8101
excise	8102
exercised	8103
expectation	8104
expenditure	8105
exploitation	8106
extinction	8107
extortion	8108
extract	8109
extracting	8110
eyed	8111
facilitate	8112
faction	8113
fastest	8114
fate	8115
favored	8116
feb	8117
feeds	8118
felon	8119
fetus	8120
fines	8121
firmly	8122
firstly	8123
fisherman	8124
fixated	8125
flake	8126
flu	8127
fm	8128
focuses	8129
fooling	8130
foolishness	8131
forgiven	8132
format	8133
fragile	8134
fronts	8135
fruits	8136
frustrating	8137
fueled	8138
fundamentalists	8139
fundraisers	8140
funeral	8141
gambling	8142
ge	8143
generosity	8144
genitalia	8145
germans	8146
gerry	8147
gesture	8148
ghetto	8149
glaciers	8150
glaring	8151
gps	8152
gracious	8153
grandmother	8154
guardian	8155
guests	8156
gulf	8157
gupta	8158
hahahaha	8159
handgun	8160
harmless	8161
hater	8162
haunt	8163
hay	8164
hears	8165
heh	8166
helmets	8167
hikes	8168
hills	8169
homicides	8170
hong	8171
horizon	8172
horrified	8173
hostage	8174
hst	8175
hud	8176
hurtful	8177
hybrid	8178
ibbitson	8179
illogical	8180
illusion	8181
immature	8182
implementation	8183
imprisoned	8184
inc	8185
influential	8186
inherited	8187
injunction	8188
ink	8189
inouye	8190
inquiring	8191
insights	8192
installation	8193
instances	8194
interpreted	8195
intervene	8196
introduce	8197
iota	8198
iowa	8199
ip	8200
iraqi	8201
ireland	8202
ivory	8203
jared	8204
jesuit	8205
jew	8206
jj	8207
jon	8208
jpg	8209
junction	8210
kaneshiro	8211
kc	8212
kenny	8213
kindergarten	8214
kiss	8215
kitchen	8216
klastri	8217
knives	8218
kushner	8219
kw	8220
landslide	8221
laughs	8222
layoffs	8223
legitimacy	8224
legitimately	8225
lengthy	8226
lesbian	8227
leverage	8228
lieutenant	8229
lily	8230
limb	8231
linking	8232
lips	8233
literature	8234
longest	8235
lottery	8236
lowered	8237
maddow	8238
malpractice	8239
manchester	8240
manifesto	8241
manipulated	8242
manitoba	8243
mankind	8244
manners	8245
marry	8246
marshall	8247
marvelous	8248
massacre	8249
masse	8250
massengill	8251
measurable	8252
measured	8253
measurements	8254
merciful	8255
meters	8256
micro	8257
mililani	8258
mineral	8259
mis	8260
mislead	8261
misogynist	8262
missionaries	8263
misunderstanding	8264
misuse	8265
mocking	8266
modeled	8267
moderation	8268
modified	8269
monger	8270
moreover	8271
mumps	8272
muni	8273
muster	8274
nam	8275
nanos	8276
nationals	8277
negatively	8278
negativity	8279
newcomers	8280
newt	8281
nicer	8282
nl	8283
noble	8284
nominate	8285
novel	8286
nun	8287
nursing	8288
obligated	8289
oblivious	8290
obsolete	8291
obstruct	8292
occasionally	8293
occupant	8294
occupation	8295
occupy	8296
oddly	8297
oha	8298
olympic	8299
omission	8300
operational	8301
operatives	8302
opposes	8303
ops	8304
organize	8305
organizers	8306
orwell	8307
outcry	8308
overhaul	8309
overthrow	8310
overturned	8311
owed	8312
pa	8313
padding	8314
painting	8315
pakistanis	8316
pal	8317
pale	8318
papal	8319
paperwork	8320
parcel	8321
pardons	8322
partial	8323
patch	8324
patriarchal	8325
pennies	8326
performed	8327
perpetrated	8328
perspectives	8329
pesticides	8330
phased	8331
phillips	8332
photograph	8333
pickup	8334
pills	8335
pissed	8336
placement	8337
planted	8338
plead	8339
pleaded	8340
pledged	8341
po	8342
podesta	8343
poking	8344
poles	8345
politely	8346
pollute	8347
polluting	8348
polygamy	8349
pontificate	8350
poo	8351
poorer	8352
porn	8353
possess	8354
posturing	8355
praising	8356
precedence	8357
precise	8358
predecessor	8359
preferential	8360
prestige	8361
privileges	8362
proceeded	8363
projected	8364
prominent	8365
proportional	8366
proportions	8367
prospective	8368
prostitutes	8369
proudly	8370
proverbial	8371
psychiatric	8372
psychology	8373
puff	8374
rabble	8375
raiders	8376
railroad	8377
rails	8378
ram	8379
randy	8380
rapes	8381
rapist	8382
realizing	8383
realtors	8384
rebuttal	8385
recommendations	8386
reconcile	8387
reductions	8388
ref	8389
reformed	8390
regional	8391
relentless	8392
rendered	8393
reprehensible	8394
respondents	8395
restored	8396
retailers	8397
retaliation	8398
retirees	8399
rev	8400
revisionist	8401
rewarding	8402
rex	8403
reynolds	8404
rider	8405
ridership	8406
rigid	8407
rino	8408
ripped	8409
risky	8410
rival	8411
rivers	8412
ron	8413
rookie	8414
rubbish	8415
ruining	8416
runaway	8417
saddest	8418
sandy	8419
sarcastic	8420
satire	8421
satisfaction	8422
sayin	8423
sb91	8424
scrap	8425
scratch	8426
scream	8427
scriptures	8428
sd	8429
searching	8430
seated	8431
segregated	8432
segregation	8433
seldom	8434
sellers	8435
sensitivity	8436
servant	8437
shareholder	8438
sharp	8439
sheets	8440
shifted	8441
shill	8442
shortcomings	8443
shotgun	8444
shove	8445
shovel	8446
sikh	8447
sincerely	8448
singer	8449
singh	8450
sjw	8451
slam	8452
slant	8453
slaughtered	8454
slim	8455
slip	8456
socio	8457
socks	8458
songs	8459
soup	8460
southwest	8461
spam	8462
specialist	8463
specialized	8464
speeding	8465
spineless	8466
spirited	8467
spouting	8468
staffer	8469
staggering	8470
stakeholders	8471
stalking	8472
stall	8473
statehood	8474
steep	8475
sticker	8476
sticks	8477
stooge	8478
stray	8479
stressful	8480
string	8481
structures	8482
submitted	8483
suburban	8484
summary	8485
superintendent	8486
surcharge	8487
surgeon	8488
surviving	8489
sweep	8490
swim	8491
sword	8492
takeover	8493
tangible	8494
tantrum	8495
tapes	8496
telescope	8497
teller	8498
texts	8499
thanking	8500
thatcher	8501
thick	8502
thinly	8503
thirds	8504
throat	8505
timely	8506
todays	8507
tolerated	8508
touching	8509
tougher	8510
toyota	8511
traction	8512
trafficking	8513
transgendered	8514
transmission	8515
trent	8516
trinity	8517
tripe	8518
triumph	8519
trivial	8520
truman	8521
trumpism	8522
truths	8523
twelve	8524
twin	8525
ultra	8526
unborn	8527
uncommon	8528
unfairly	8529
unleashed	8530
unpredictable	8531
unsubstantiated	8532
validity	8533
vanity	8534
variables	8535
vastly	8536
vegan	8537
venue	8538
vested	8539
vilify	8540
wallet	8541
warnings	8542
warped	8543
wasilla	8544
weiner	8545
wheels	8546
whipped	8547
whoa	8548
wholeheartedly	8549
wounds	8550
wrongs	8551
wwi	8552
xvi	8553
yields	8554
yo	8555
zip	8556
110	8557
115	8558
130	8559
14th	8560
1781	8561
18th	8562
1945	8563
1986	8564
1988	8565
4000	8566
41	8567
5000	8568
66	8569
7th	8570
98	8571
abject	8572
abomination	8573
aboriginals	8574
abundant	8575
abusers	8576
academia	8577
accommodation	8578
accomplishment	8579
accounted	8580
accusation	8581
achievements	8582
acquired	8583
acre	8584
admired	8585
adverse	8586
agreeing	8587
agricultural	8588
agw	8589
aims	8590
aina	8591
airbnb	8592
align	8593
allowance	8594
almighty	8595
ammo	8596
ancestry	8597
angel	8598
angeles	8599
angst	8600
animosity	8601
anna	8602
approached	8603
approaching	8604
apts	8605
arafat	8606
arc	8607
arsenic	8608
artists	8609
asinine	8610
asleep	8611
assert	8612
astronomical	8613
atheist	8614
athletic	8615
atrocities	8616
attacker	8617
attendance	8618
attribution	8619
atwood	8620
authentic	8621
authorize	8622
autism	8623
availability	8624
aw	8625
balloon	8626
bananas	8627
bandwagon	8628
banker	8629
banner	8630
bargaining	8631
barn	8632
barrow	8633
baseless	8634
bash	8635
bath	8636
battles	8637
bb	8638
beast	8639
beats	8640
bees	8641
beholden	8642
betray	8643
betting	8644
beware	8645
biblical	8646
bidding	8647
bids	8648
billed	8649
binding	8650
biology	8651
blogspot	8652
boomer	8653
boon	8654
bottles	8655
bounds	8656
boutique	8657
bragging	8658
breach	8659
breeding	8660
brightest	8661
brink	8662
brock	8663
brutality	8664
bum	8665
bumper	8666
bums	8667
bunny	8668
bylaw	8669
byrd	8670
cab	8671
cabal	8672
cabin	8673
cad	8674
callous	8675
caribou	8676
carrot	8677
cart	8678
categories	8679
cease	8680
celebrations	8681
censoring	8682
centralized	8683
certified	8684
ch	8685
chairs	8686
chambers	8687
championship	8688
charlottesville	8689
charming	8690
cheat	8691
cheques	8692
chiefs	8693
chong	8694
chow	8695
churchill	8696
clearer	8697
cliche	8698
clinic	8699
cmhc	8700
coat	8701
coer	8702
cogent	8703
cohorts	8704
collateral	8705
collisions	8706
combination	8707
commercials	8708
complainant	8709
concentrate	8710
concentration	8711
confidential	8712
confined	8713
confronted	8714
conquered	8715
considerations	8716
constitutes	8717
consult	8718
consultants	8719
contradiction	8720
contributor	8721
convenience	8722
cookie	8723
copied	8724
cornell	8725
cornerstone	8726
corridor	8727
cough	8728
courageous	8729
cracks	8730
crappy	8731
crass	8732
creativity	8733
creators	8734
creatures	8735
criminality	8736
crony	8737
crushing	8738
dallas	8739
dams	8740
dang	8741
dated	8742
deaf	8743
deceit	8744
deducted	8745
defendant	8746
defender	8747
deflecting	8748
delayed	8749
democratically	8750
demonize	8751
dent	8752
depressed	8753
depressing	8754
deprivation	8755
derived	8756
deterrent	8757
detroit	8758
diesel	8759
disappearing	8760
disciplined	8761
discounts	8762
disgust	8763
dish	8764
disney	8765
displaced	8766
displays	8767
disposable	8768
disputes	8769
disqus	8770
disrespecting	8771
disruption	8772
disservice	8773
distort	8774
distraction	8775
dlnr	8776
dm	8777
dod	8778
donor	8779
doom	8780
douglas	8781
downside	8782
drafting	8783
draining	8784
drastic	8785
drift	8786
drones	8787
drowned	8788
du	8789
easiest	8790
easter	8791
ecology	8792
eleven	8793
eligibility	8794
embarrass	8795
employs	8796
enabling	8797
endangered	8798
eng	8799
enlisted	8800
enormously	8801
enters	8802
epd	8803
escalate	8804
escalating	8805
esp	8806
espionage	8807
evs	8808
examining	8809
exceeds	8810
exodus	8811
exploration	8812
extensively	8813
extremism	8814
falsehoods	8815
fanatics	8816
farther	8817
fatalities	8818
fawning	8819
feasible	8820
federation	8821
felonies	8822
feminism	8823
fentanyl	8824
flaw	8825
flee	8826
flows	8827
fodder	8828
fold	8829
forcibly	8830
formally	8831
forthcoming	8832
framework	8833
fred	8834
freezing	8835
fry	8836
futile	8837
genders	8838
generating	8839
genital	8840
gentleman	8841
gifted	8842
gladly	8843
glen	8844
glorious	8845
gloves	8846
golly	8847
gong	8848
gradually	8849
graduation	8850
grandstanding	8851
grievances	8852
guidance	8853
guided	8854
guides	8855
guideway	8856
guise	8857
haha	8858
hamas	8859
harassing	8860
hasbara	8861
healthier	8862
heartfelt	8863
hedge	8864
helmet	8865
herbert	8866
heresy	8867
hers	8868
hickenlooper	8869
hindu	8870
hindus	8871
hippies	8872
histories	8873
hobby	8874
homophobia	8875
hooray	8876
horrifying	8877
hubris	8878
hugely	8879
humorous	8880
hurry	8881
hypothesis	8882
imagining	8883
imam	8884
imf	8885
impacted	8886
impending	8887
incidentally	8888
inconvenience	8889
indefinitely	8890
inhabitants	8891
inherent	8892
initiate	8893
initiated	8894
injection	8895
insisting	8896
internment	8897
interpretations	8898
interviewed	8899
intimate	8900
intimidation	8901
introduction	8902
investigator	8903
iron	8904
islamist	8905
islamists	8906
jailed	8907
jails	8908
jar	8909
jbs	8910
jealous	8911
jefferson	8912
jesse	8913
jo	8914
joan	8915
joking	8916
jpii	8917
js	8918
judaism	8919
justifies	8920
kapolei	8921
keen	8922
kerry	8923
klein	8924
kneel	8925
knights	8926
kool	8927
koreans	8928
ladder	8929
laptop	8930
lasted	8931
latinos	8932
laughter	8933
lawless	8934
leases	8935
lend	8936
levied	8937
liabilities	8938
liberation	8939
linn	8940
lipstick	8941
listing	8942
listings	8943
literacy	8944
litigation	8945
lo	8946
logged	8947
lsuc	8948
lt	8949
lucy	8950
macho	8951
macro	8952
madam	8953
magisterial	8954
maine	8955
majorities	8956
majors	8957
malign	8958
manipulating	8959
manufacture	8960
margins	8961
mattered	8962
matthews	8963
mcguire	8964
med	8965
memorial	8966
mencken	8967
messing	8968
metals	8969
metaphor	8970
micciche	8971
midnight	8972
migrant	8973
mileage	8974
millennial	8975
minnesota	8976
minors	8977
misdeeds	8978
misinformation	8979
misogynistic	8980
mit	8981
mitigation	8982
mobility	8983
mock	8984
modest	8985
monitoring	8986
monkey	8987
monopolies	8988
moot	8989
moronic	8990
morons	8991
motorcycles	8992
mount	8993
mouthpiece	8994
mow	8995
murphy	8996
mushers	8997
mystical	8998
najib	8999
naming	9000
narcotics	9001
nat	9002
natasha	9003
nationality	9004
needlessly	9005
neglected	9006
nevada	9007
nickel	9008
nimby	9009
niqab	9010
noon	9011
normalize	9012
noses	9013
notions	9014
nps	9015
numbered	9016
oas	9017
obedience	9018
oblivion	9019
obnoxious	9020
obsessed	9021
obtaining	9022
oia	9023
oliver	9024
oneself	9025
ont	9026
openness	9027
operative	9028
opium	9029
optional	9030
ordinance	9031
organ	9032
originated	9033
origins	9034
ortiz	9035
ot	9036
outsiders	9037
overlook	9038
overruns	9039
overturn	9040
packs	9041
palace	9042
pander	9043
panhandlers	9044
papa	9045
paradigm	9046
parameters	9047
parker	9048
partnership	9049
pastry	9050
pathological	9051
paved	9052
paxton	9053
payouts	9054
pedophilia	9055
pencil	9056
pera	9057
perish	9058
persecuted	9059
php	9060
pink	9061
pious	9062
platitudes	9063
plethora	9064
plight	9065
policemen	9066
polluted	9067
ponder	9068
portugal	9069
postal	9070
postings	9071
potatoes	9072
pottinger	9073
pounds	9074
pox	9075
praised	9076
preaching	9077
predatory	9078
predictably	9079
predicting	9080
prejudices	9081
premiers	9082
prescribed	9083
preserved	9084
prevail	9085
prevalent	9086
probability	9087
proceeds	9088
productivity	9089
prof	9090
profiling	9091
prohibits	9092
projection	9093
pronounced	9094
protectionism	9095
protestants	9096
psyche	9097
psychopaths	9098
pulls	9099
punched	9100
purity	9101
purposely	9102
quarterly	9103
quran	9104
rachel	9105
rack	9106
railway	9107
raitt	9108
ranch	9109
random	9110
rationality	9111
rationalize	9112
rebellion	9113
receivers	9114
redress	9115
redundant	9116
reeks	9117
reformation	9118
rejecting	9119
relied	9120
remedy	9121
remembered	9122
remembers	9123
renew	9124
rented	9125
repealing	9126
replying	9127
reportedly	9128
repub	9129
researched	9130
researching	9131
resemble	9132
resentment	9133
reservations	9134
reserved	9135
reset	9136
resonate	9137
respective	9138
restraint	9139
restrictive	9140
rests	9141
retaining	9142
retention	9143
revelations	9144
reviews	9145
revoke	9146
revolutionary	9147
rewards	9148
richest	9149
rig	9150
rings	9151
rioting	9152
rises	9153
risking	9154
robber	9155
rod	9156
rolled	9157
romney	9158
rth	9159
rug	9160
rumor	9161
runners	9162
sacks	9163
sacrificing	9164
saddled	9165
salaried	9166
salesman	9167
sanctioned	9168
satellite	9169
saullie	9170
scientifically	9171
screed	9172
secretly	9173
sects	9174
secured	9175
seeds	9176
selecting	9177
senseless	9178
settler	9179
shenanigans	9180
shes	9181
shit	9182
shy	9183
sickness	9184
siding	9185
signature	9186
skepticism	9187
slander	9188
sleazy	9189
slide	9190
slipping	9191
smells	9192
smiling	9193
smoker	9194
snarky	9195
snide	9196
sob	9197
socialized	9198
sounding	9199
southey	9200
sow	9201
specious	9202
spinning	9203
spit	9204
spokesperson	9205
squandered	9206
squat	9207
stages	9208
stairs	9209
starbucks	9210
statutory	9211
stein	9212
stereotype	9213
stifle	9214
strangers	9215
strengthen	9216
strongest	9217
stunning	9218
subjective	9219
subjugation	9220
subscribe	9221
subsequently	9222
substitute	9223
succeeds	9224
sundays	9225
sunni	9226
supper	9227
supplied	9228
suppliers	9229
suspended	9230
suspension	9231
sustainability	9232
sweat	9233
sycophants	9234
symptoms	9235
tad	9236
tainted	9237
technological	9238
temporarily	9239
tenants	9240
tender	9241
tends	9242
tensions	9243
terrific	9244
theater	9245
theguardian	9246
theologian	9247
thriving	9248
throne	9249
tides	9250
timeline	9251
tiresome	9252
todd	9253
tokuda	9254
tony	9255
tow	9256
tracked	9257
trait	9258
transactions	9259
transformation	9260
treats	9261
trek	9262
tribunal	9263
trophy	9264
troubled	9265
tube	9266
twit	9267
uaf	9268
umbrella	9269
unanimous	9270
undemocratic	9271
underway	9272
undoing	9273
undoubtedly	9274
undue	9275
unfettered	9276
unfunded	9277
unhealthy	9278
unilaterally	9279
unpaid	9280
unrealistic	9281
urging	9282
usc	9283
utilized	9284
utopia	9285
vaccination	9286
vaccines	9287
vain	9288
vary	9289
vegetation	9290
veil	9291
veiled	9292
verb	9293
verify	9294
vessel	9295
vibrant	9296
viciously	9297
victimhood	9298
vietnamese	9299
virtual	9300
visitor	9301
vocation	9302
vociferously	9303
void	9304
vow	9305
wager	9306
warn	9307
warrior	9308
weighing	9309
weighted	9310
whiteaker	9311
wig	9312
wire	9313
womens	9314
wonk	9315
worded	9316
worrying	9317
wrath	9318
wrist	9319
wrongful	9320
wrongly	9321
yahoo	9322
yawn	9323
yer	9324
youtu	9325
zones	9326
103	9327
12th	9328
1920	9329
1965	9330
1979	9331
1991	9332
1992	9333
1995	9334
20k	9335
40s	9336
52	9337
59	9338
5m	9339
73	9340
76	9341
89	9342
8th	9343
aa	9344
ab	9345
abolish	9346
abraham	9347
abysmal	9348
accidentally	9349
accumulated	9350
accusers	9351
acknowledging	9352
acquire	9353
acquiring	9354
acute	9355
addict	9356
addictive	9357
addled	9358
adf	9359
adherents	9360
administer	9361
administrator	9362
admires	9363
afd	9364
afn	9365
aforementioned	9366
agnostic	9367
aha	9368
ahhh	9369
aiding	9370
airing	9371
aisle	9372
akbar	9373
aligned	9374
altar	9375
altered	9376
amateur	9377
amended	9378
amid	9379
ammunition	9380
amoris	9381
anarchist	9382
anarchy	9383
angels	9384
anglos	9385
ankle	9386
announcing	9387
anonymity	9388
antarctica	9389
apd	9390
apocalypse	9391
apologized	9392
apologizing	9393
applicable	9394
applicants	9395
arbitration	9396
arguably	9397
argues	9398
arithmetic	9399
arrow	9400
arsenal	9401
articulate	9402
artist	9403
asap	9404
assassination	9405
assessed	9406
assistants	9407
assisting	9408
astute	9409
atf	9410
athlete	9411
atom	9412
attendees	9413
audi	9414
automobile	9415
avoids	9416
awaiting	9417
awfully	9418
axe	9419
ayn	9420
backgrounds	9421
badge	9422
baffling	9423
bailed	9424
bailout	9425
bakers	9426
balancing	9427
bald	9428
baldwin	9429
bands	9430
baptist	9431
bargain	9432
barons	9433
barred	9434
battlefield	9435
beans	9436
bee	9437
begs	9438
belonged	9439
bennett	9440
beth	9441
betrayal	9442
billy	9443
bipartisan	9444
births	9445
bitch	9446
blessings	9447
blink	9448
bloom	9449
blunder	9450
bmw	9451
boast	9452
bode	9453
bolles	9454
bolt	9455
bombed	9456
bomber	9457
booking	9458
booming	9459
borderline	9460
bore	9461
bottled	9462
brazen	9463
broadcasting	9464
bronco	9465
brooks	9466
brutally	9467
buckley	9468
buffett	9469
bulk	9470
bullied	9471
bunk	9472
cage	9473
calculate	9474
cambodia	9475
capitalists	9476
cartel	9477
cassandra	9478
causality	9479
cdns	9480
censors	9481
ceremony	9482
chains	9483
champions	9484
charm	9485
chart	9486
cheering	9487
chile	9488
chill	9489
choo	9490
christopher	9491
chronically	9492
chuckle	9493
chumps	9494
cites	9495
civilbeat	9496
clallam	9497
cleaner	9498
clerk	9499
clinging	9500
clinical	9501
coasts	9502
coffin	9503
col	9504
collaboration	9505
colleague	9506
colonies	9507
colony	9508
comic	9509
commentator	9510
commitments	9511
commodities	9512
commuting	9513
competitor	9514
conclusive	9515
condoms	9516
conducting	9517
confessed	9518
conflate	9519
confronting	9520
connecting	9521
connects	9522
consciences	9523
conscious	9524
consensual	9525
considerate	9526
consistency	9527
consists	9528
constantine	9529
constitutionally	9530
constitutions	9531
consultant	9532
consulting	9533
containers	9534
contemplate	9535
contemporary	9536
contend	9537
contracted	9538
contradicted	9539
converting	9540
cooper	9541
cooperation	9542
copies	9543
coral	9544
costa	9545
cotten	9546
counselors	9547
counterparts	9548
courteous	9549
cowboys	9550
craft	9551
craig	9552
crashing	9553
cream	9554
credited	9555
creeps	9556
crook	9557
crowds	9558
cyril	9559
dame	9560
dancing	9561
dangerously	9562
dao	9563
dealer	9564
dealership	9565
debris	9566
decay	9567
dedication	9568
definitions	9569
degenerate	9570
delivering	9571
delivers	9572
delusions	9573
deposits	9574
depot	9575
designs	9576
destroys	9577
diefenbaker	9578
diminished	9579
dining	9580
diocesan	9581
diplomat	9582
directive	9583
disappointment	9584
disapproval	9585
disapprove	9586
disarm	9587
disciplines	9588
discouraging	9589
discriminated	9590
disinformation	9591
dismissing	9592
disqualify	9593
disruptive	9594
dissenting	9595
distances	9596
distinguished	9597
distortion	9598
distrust	9599
dive	9600
diverdave	9601
dividing	9602
djt	9603
documentation	9604
dodging	9605
dolan	9606
domination	9607
donkel	9608
donkeys	9609
dow	9610
downward	9611
drafted	9612
drained	9613
drought	9614
drum	9615
drunks	9616
ds	9617
dt	9618
dull	9619
duncan	9620
dunleavy	9621
duration	9622
dylan	9623
ea	9624
edited	9625
egg	9626
egotistical	9627
elder	9628
elitism	9629
ellen	9630
embedded	9631
emboldened	9632
embracing	9633
emerging	9634
empower	9635
empowered	9636
endangering	9637
endeavors	9638
endemic	9639
endorsing	9640
engagement	9641
enlist	9642
enrolled	9643
entail	9644
entertained	9645
enthusiasm	9646
envision	9647
eo	9648
equipped	9649
equities	9650
equivalence	9651
erected	9652
espero	9653
euros	9654
evasion	9655
evolve	9656
exaggerated	9657
examined	9658
exceedingly	9659
excitement	9660
execute	9661
expedition	9662
explosives	9663
exporting	9664
extending	9665
ezra	9666
faked	9667
fares	9668
farmer	9669
farrington	9670
faults	9671
favourable	9672
favoured	9673
favours	9674
featuring	9675
federalist	9676
feeble	9677
feedback	9678
feminists	9679
feudal	9680
fiddle	9681
figuring	9682
finland	9683
fixes	9684
flagging	9685
flexpipe	9686
flipping	9687
flock	9688
floors	9689
flush	9690
follower	9691
fond	9692
fork	9693
foxnews	9694
freed	9695
freeways	9696
freight	9697
frenzy	9698
frivolous	9699
frozen	9700
fullness	9701
fundraiser	9702
fuss	9703
fuzzy	9704
gallery	9705
gallons	9706
gamble	9707
garcia	9708
gardner	9709
gasp	9710
gateway	9711
gatherings	9712
gen	9713
generic	9714
gentle	9715
gentlemen	9716
gerson	9717
gingrich	9718
girlfriend	9719
glenn	9720
globalism	9721
gofundme	9722
goodwill	9723
gord	9724
gosam	9725
gossip	9726
grain	9727
gram	9728
granting	9729
grapes	9730
grasping	9731
grassroots	9732
gravel	9733
greetings	9734
gregor	9735
grizzly	9736
grotesque	9737
habitat	9738
hail	9739
hallway	9740
halt	9741
handguns	9742
handicapped	9743
harassed	9744
hauled	9745
hawks	9746
hc	9747
heap	9748
heartless	9749
heavenly	9750
heco	9751
heil	9752
helicopters	9753
helm	9754
hemisphere	9755
heretic	9756
heterosexual	9757
highlight	9758
highs	9759
hijacked	9760
hoc	9761
holidays	9762
holiness	9763
homeowner	9764
homily	9765
honey	9766
horton	9767
hostess	9768
hsa	9769
hula	9770
humankind	9771
husbands	9772
ied	9773
ills	9774
imminent	9775
immunity	9776
imperative	9777
imperfect	9778
importing	9779
imposition	9780
impunity	9781
inaction	9782
incite	9783
inclination	9784
inclusiveness	9785
incorrectly	9786
incumbent	9787
indifferent	9788
indonesia	9789
induced	9790
indulgences	9791
inequity	9792
inject	9793
inmate	9794
insanely	9795
insecure	9796
insensitive	9797
insider	9798
insistence	9799
inspection	9800
inspections	9801
installations	9802
instincts	9803
instructions	9804
instructor	9805
insulation	9806
insurers	9807
intel	9808
inter	9809
interestingly	9810
internationally	9811
intimidated	9812
intrinsic	9813
introducing	9814
invade	9815
invaders	9816
isil	9817
isnt	9818
isolation	9819
issuing	9820
janine	9821
jfk	9822
jihadist	9823
joshua	9824
julian	9825
justine	9826
ka	9827
kadr	9828
kakaako	9829
karl	9830
kellyanne	9831
ketchikan	9832
keys	9833
kg	9834
kgb	9835
kickbacks	9836
kicks	9837
kittens	9838
kiz	9839
knowingly	9840
lab	9841
lamont	9842
lance	9843
languages	9844
lastly	9845
lavish	9846
lawfully	9847
layla	9848
lays	9849
laziness	9850
leah	9851
leaking	9852
leanings	9853
leash	9854
lecture	9855
leftover	9856
legality	9857
legalizing	9858
legislatures	9859
lemon	9860
lengths	9861
lethal	9862
levy	9863
lewinsky	9864
lexus	9865
lg	9866
li	9867
libraries	9868
libtard	9869
libtards	9870
lick	9871
lighter	9872
lightning	9873
likelihood	9874
lindsey	9875
lio	9876
liturgical	9877
locate	9878
logan	9879
logically	9880
lords	9881
louder	9882
lw	9883
mac	9884
mackenzie	9885
magically	9886
magnificent	9887
maher	9888
makeup	9889
malicious	9890
malley	9891
malone	9892
manmade	9893
manufacturer	9894
mar	9895
marched	9896
marcus	9897
marrying	9898
mart	9899
martha	9900
mask	9901
masks	9902
massively	9903
matched	9904
matching	9905
mate	9906
mathematics	9907
mattis	9908
mccarthy	9909
mccoy	9910
mckenzie	9911
mcmaster	9912
mechanic	9913
mechanical	9914
mechanisms	9915
medieval	9916
melania	9917
meme	9918
memo	9919
messenger	9920
metis	9921
metric	9922
metropolitan	9923
midtown	9924
militant	9925
minus	9926
miracle	9927
misunderstood	9928
mixing	9929
mockery	9930
monk	9931
moonbeam	9932
mopeds	9933
morphed	9934
mortality	9935
motto	9936
mouthed	9937
mph	9938
mum	9939
murderers	9940
muscle	9941
mutilation	9942
namely	9943
naysayers	9944
nd	9945
necessities	9946
needle	9947
needless	9948
negotiating	9949
neighbours	9950
nervous	9951
netherlands	9952
nets	9953
neuter	9954
newsworthy	9955
niagara	9956
niece	9957
noaa	9958
nominees	9959
nonexistent	9960
nonpartisan	9961
northwest	9962
notable	9963
nothin	9964
noun	9965
nsa	9966
nuanced	9967
nugent	9968
nuisance	9969
objecting	9970
obscene	9971
obscure	9972
obstructionism	9973
oligarchs	9974
opec	9975
opioid	9976
ordaining	9977
orlando	9978
outer	9979
outfit	9980
outlook	9981
outsourcing	9982
outta	9983
overpriced	9984
pad	9985
painfully	9986
pains	9987
panthers	9988
papacy	9989
parachute	9990
partisans	9991
pastoral	9992
pasture	9993
patron	9994
patty	9995
payoff	9996
pearson	9997
pebble	9998
peeing	9999
penalized	10000
penned	10001
perceive	10002
perfected	10003
periods	10004
permissible	10005
persuaded	10006
peru	10007
perverts	10008
petitioners	10009
pews	10010
phil	10011
phobia	10012
phosphate	10013
piggy	10014
pillars	10015
pittance	10016
plainly	10017
plaintiff	10018
platforms	10019
policeman	10020
policing	10021
polo	10022
poloz	10023
ponzi	10024
pops	10025
populism	10026
porsche	10027
portray	10028
positively	10029
positives	10030
pour	10031
powerless	10032
precision	10033
predominantly	10034
preferably	10035
preserving	10036
pressed	10037
pressured	10038
presumed	10039
pretense	10040
prez	10041
priceless	10042
primitive	10043
princess	10044
prioritize	10045
proceeding	10046
producer	10047
prohibitions	10048
prohibitive	10049
prolific	10050
promotion	10051
prostitute	10052
protein	10053
provoke	10054
provoking	10055
prudhoe	10056
pseudo	10057
pseudonym	10058
psychopath	10059
ptsd	10060
publically	10061
publicity	10062
puke	10063
pulse	10064
pussys	10065
pyramids	10066
qualifies	10067
qualifying	10068
que	10069
quid	10070
radicals	10071
ranger	10072
rangers	10073
ranting	10074
ratzinger	10075
raving	10076
reacting	10077
realise	10078
realistically	10079
receipts	10080
recourse	10081
recreation	10082
recruitment	10083
reflecting	10084
reflective	10085
refuge	10086
regain	10087
regimes	10088
registrations	10089
reinforce	10090
relate	10091
relating	10092
relativism	10093
reliance	10094
relic	10095
relieve	10096
religiously	10097
reluctance	10098
rendering	10099
renegotiate	10100
renewed	10101
rents	10102
repatriation	10103
repealed	10104
repression	10105
repressive	10106
reputable	10107
resent	10108
reside	10109
residences	10110
residency	10111
resistant	10112
responsibly	10113
restrooms	10114
retarded	10115
retiring	10116
revenge	10117
revoked	10118
ridings	10119
righteousness	10120
righties	10121
rigorous	10122
riots	10123
ripe	10124
roadway	10125
roger	10126
rooftop	10127
rt	10128
rump	10129
ry	10130
saa	10131
sabotage	10132
sackler	10133
sacramental	10134
safeguards	10135
sakic	10136
scares	10137
schill	10138
schmitz	10139
schooling	10140
schumer	10141
scotia	10142
sealed	10143
searched	10144
seating	10145
secession	10146
sect	10147
seeks	10148
seized	10149
seizure	10150
selectively	10151
sensibilities	10152
sentencing	10153
sentiments	10154
sequence	10155
ses	10156
sewage	10157
shalt	10158
shambles	10159
shaped	10160
shark	10161
sheltered	10162
shills	10163
shine	10164
shortages	10165
shorts	10166
shotguns	10167
shuts	10168
sic	10169
sickening	10170
signal	10171
signalling	10172
signatures	10173
signers	10174
sinks	10175
sinner	10176
sizable	10177
skateboard	10178
skip	10179
skyrocketed	10180
slashed	10181
slice	10182
slightest	10183
slimy	10184
slogans	10185
slowing	10186
slur	10187
slut	10188
smokers	10189
sniper	10190
snl	10191
soar	10192
sociopathy	10193
solidarity	10194
someplace	10195
sorely	10196
span	10197
specifics	10198
spewed	10199
spills	10200
squad	10201
stacked	10202
staffs	10203
standardized	10204
stature	10205
stellar	10206
stepping	10207
stir	10208
stomp	10209
strawman	10210
streak	10211
strings	10212
subscription	10213
subversion	10214
summed	10215
supernatural	10216
supervised	10217
supervisors	10218
suppress	10219
suppressed	10220
surprises	10221
surrey	10222
survives	10223
survivor	10224
swept	10225
switzerland	10226
swung	10227
sycophant	10228
systematic	10229
ta	10230
tables	10231
tails	10232
tapped	10233
tasked	10234
tasks	10235
td	10236
techniques	10237
telegraph	10238
terminated	10239
terrified	10240
themes	10241
thereafter	10242
thesis	10243
thinkers	10244
threatens	10245
tiger	10246
tightening	10247
timothy	10248
tin	10249
tomatoes	10250
toughest	10251
tricky	10252
trotting	10253
troubling	10254
trumped	10255
trumpet	10256
tumor	10257
turf	10258
turmoil	10259
turnip	10260
twain	10261
twits	10262
tx	10263
unaccountable	10264
unavoidable	10265
uncertainty	10266
undecided	10267
underage	10268
underlings	10269
underwear	10270
unilateral	10271
uninsured	10272
unleash	10273
unnecessarily	10274
unplanned	10275
unprepared	10276
unproven	10277
unrest	10278
unsuccessful	10279
unwashed	10280
unworthy	10281
uo	10282
uploads	10283
ur	10284
urge	10285
urgent	10286
vacant	10287
vacuous	10288
vance	10289
vans	10290
vashon	10291
vat	10292
vendor	10293
verbatim	10294
verifiable	10295
verified	10296
verses	10297
vessels	10298
vetoed	10299
vi	10300
victor	10301
victoria	10302
viet	10303
vigilante	10304
virtuous	10305
visibility	10306
vlad	10307
vladimir	10308
volunteers	10309
vw	10310
wad	10311
waianae	10312
waiver	10313
wander	10314
wannabe	10315
warmed	10316
warranty	10317
wastes	10318
waterloo	10319
weaken	10320
weaver	10321
weber	10322
weigh	10323
weinstein	10324
whiner	10325
whip	10326
widow	10327
wielechowski	10328
winger	10329
winnipeg	10330
wipe	10331
wiser	10332
wished	10333
withhold	10334
wo	10335
woke	10336
wordpress	10337
worldview	10338
worrisome	10339
wrapped	10340
wrongdoing	10341
wto	10342
ye	10343
zoo	10344
10m	10345
11th	10346
121	10347
13th	10348
170	10349
1800s	10350
1930	10351
1950	10352
1968	10353
1972	10354
1987	10355
1999	10356
1b	10357
200k	10358
202	10359
2050	10360
20s	10361
247	10362
2m	10363
30s	10364
460	10365
50k	10366
5b	10367
6000	10368
83	10369
84	10370
86	10371
87	10372
88	10373
91	10374
96	10375
aaaasf	10376
abhorrent	10377
abolition	10378
absorbed	10379
abstract	10380
academics	10381
accelerate	10382
accordance	10383
accords	10384
accountant	10385
accredited	10386
accuser	10387
ace	10388
acknowledgement	10389
acknowledges	10390
acorn	10391
acquainted	10392
adequately	10393
adfg	10394
adjacent	10395
adjusting	10396
admire	10397
adscam	10398
advancement	10399
adventure	10400
advising	10401
aecon	10402
afforded	10403
afloat	10404
agile	10405
ahtna	10406
ai	10407
airbus	10408
airplane	10409
albertan	10410
alcoholism	10411
alienating	10412
allocated	10413
allocations	10414
altering	10415
altitude	10416
aluminum	10417
amazingly	10418
ambulances	10419
analyst	10420
anarchists	10421
announcements	10422
annoys	10423
annualized	10424
annulment	10425
antibiotics	10426
apostolic	10427
apparatchiks	10428
appearing	10429
appease	10430
appliances	10431
appointees	10432
appointing	10433
apprentice	10434
approaches	10435
apr	10436
architects	10437
architecture	10438
armchair	10439
arose	10440
arranged	10441
arrangements	10442
arresting	10443
arthur	10444
articulated	10445
artillery	10446
aspersions	10447
asses	10448
assign	10449
associations	10450
atrocity	10451
attracting	10452
au	10453
audits	10454
automated	10455
automobiles	10456
averaged	10457
averse	10458
aviation	10459
await	10460
ba	10461
bacteria	10462
baggage	10463
bailey	10464
baked	10465
ballistic	10466
basing	10467
bats	10468
battalion	10469
batting	10470
bcfn	10471
beard	10472
beatings	10473
bells	10474
belly	10475
benign	10476
beta	10477
betrays	10478
bidder	10479
biki	10480
bind	10481
birther	10482
blackwater	10483
blather	10484
bleak	10485
bloggers	10486
blonde	10487
bloomberg	10488
blues	10489
blunt	10490
bobby	10491
boc	10492
bodied	10493
boils	10494
bonuses	10495
boreal	10496
bored	10497
bothers	10498
bounces	10499
bowling	10500
bozos	10501
bracket	10502
brackets	10503
bragged	10504
braking	10505
branded	10506
brass	10507
brat	10508
brats	10509
brazeau	10510
breathtaking	10511
bribery	10512
briefings	10513
broadly	10514
bros	10515
bubba	10516
buds	10517
builds	10518
bulls	10519
bullshit	10520
bunker	10521
burdens	10522
bushes	10523
busted	10524
cadillac	10525
caledon	10526
calendar	10527
cam	10528
campaigned	10529
camry	10530
canal	10531
cannon	10532
canoe	10533
canucks	10534
canyon	10535
capitalize	10536
capt	10537
caption	10538
carlisle	10539
carnage	10540
carol	10541
carolina	10542
carpet	10543
carpetbagger	10544
casino	10545
cater	10546
cautious	10547
cavalier	10548
cbp	10549
ceases	10550
cement	10551
ceremonies	10552
cha	10553
chanting	10554
chaotic	10555
chasing	10556
chat	10557
cheats	10558
chemistry	10559
cheque	10560
chips	10561
choke	10562
chops	10563
christie	10564
ci	10565
cigarette	10566
civilizations	10567
claus	10568
claws	10569
clone	10570
cnbc	10571
cody	10572
coherent	10573
cohn	10574
collapses	10575
collapsing	10576
collectors	10577
colorful	10578
colver	10579
combustion	10580
comeback	10581
commandments	10582
commonly	10583
compensated	10584
complacent	10585
complains	10586
compliment	10587
composed	10588
compounded	10589
comprise	10590
compromising	10591
computing	10592
comrades	10593
conceal	10594
concerted	10595
concerts	10596
concession	10597
concussion	10598
confess	10599
confine	10600
confiscated	10601
conflicting	10602
confrontation	10603
congregation	10604
conspicuous	10605
constituent	10606
constraints	10607
consumes	10608
containment	10609
contaminated	10610
contentious	10611
contingency	10612
continuity	10613
contraceptive	10614
contradicting	10615
conversely	10616
convict	10617
coordinator	10618
corolla	10619
corresponds	10620
cosby	10621
cosmetic	10622
coulter	10623
counselling	10624
courtview	10625
covert	10626
cr	10627
crapwell	10628
craves	10629
craziness	10630
creature	10631
creed	10632
cretin	10633
critically	10634
crumbs	10635
crusaders	10636
cubs	10637
cumulative	10638
cured	10639
curtis	10640
dailycaller	10641
dale	10642
damore	10643
dares	10644
darwin	10645
deadline	10646
debbie	10647
deceased	10648
deceive	10649
decimated	10650
dedicate	10651
deduct	10652
deepest	10653
defendants	10654
defends	10655
deficiencies	10656
definitively	10657
defund	10658
degraded	10659
dela	10660
delta	10661
demonstrations	10662
denigrate	10663
denigrating	10664
denouncing	10665
deporting	10666
deprive	10667
deregulation	10668
descendants	10669
descended	10670
deserted	10671
despair	10672
desperation	10673
detailing	10674
detection	10675
devoid	10676
dhs	10677
dia	10678
diatribe	10679
dictated	10680
dictates	10681
differing	10682
digits	10683
dilute	10684
dim	10685
dinosaur	10686
diocese	10687
directives	10688
disabilities	10689
disadvantage	10690
disagreeing	10691
disagreements	10692
disciple	10693
discomfort	10694
discriminating	10695
disguise	10696
dismantle	10697
dismisses	10698
disorders	10699
disparity	10700
disposed	10701
disprove	10702
distinctions	10703
diverted	10704
dodger	10705
dodgers	10706
dogmatic	10707
domain	10708
donkey	10709
donut	10710
dorm	10711
doubling	10712
downie	10713
drank	10714
dreadful	10715
drilled	10716
driveway	10717
droves	10718
dubai	10719
dubya	10720
duel	10721
dynasty	10722
earns	10723
earthly	10724
earthquakes	10725
ecosystem	10726
ecstatic	10727
ect	10728
edward	10729
effectiveness	10730
egan	10731
elegant	10732
elk	10733
ellis	10734
emeritus	10735
enablers	10736
enables	10737
enclave	10738
encountered	10739
endorses	10740
engineered	10741
enhance	10742
enjoyable	10743
enjoyment	10744
enshrined	10745
ensures	10746
enthusiastically	10747
environmentally	10748
environments	10749
envy	10750
epitome	10751
equifax	10752
erik	10753
es	10754
espn	10755
espoused	10756
ethanol	10757
ethically	10758
eulogy	10759
euphemism	10760
euthanasia	10761
evaluated	10762
evaluating	10763
eventual	10764
evidenced	10765
ewa	10766
exaggerate	10767
exalted	10768
examiner	10769
execution	10770
exert	10771
exhausted	10772
exhibit	10773
expelled	10774
experimental	10775
expired	10776
exploits	10777
explored	10778
exposes	10779
expresses	10780
expressly	10781
extends	10782
external	10783
fabulous	10784
factions	10785
falsehood	10786
famine	10787
faulty	10788
featured	10789
fences	10790
festival	10791
fetched	10792
fever	10793
films	10794
finite	10795
firefighter	10796
firefighters	10797
fisa	10798
fishery	10799
flammable	10800
flashy	10801
fleas	10802
flexibility	10803
floating	10804
flowers	10805
fluent	10806
fluid	10807
fluke	10808
fo	10809
forehead	10810
foreseeable	10811
foresight	10812
fort	10813
fortitude	10814
forty	10815
fraser	10816
frederick	10817
friendship	10818
frontier	10819
furlong	10820
g20	10821
gaia	10822
galileo	10823
gall	10824
gardens	10825
gasline	10826
gassed	10827
gawd	10828
geez	10829
generators	10830
geographical	10831
geography	10832
gestures	10833
gig	10834
giveaway	10835
glance	10836
glee	10837
globalists	10838
gloom	10839
glorified	10840
glove	10841
goali	10842
goat	10843
godwin	10844
gomer	10845
goodies	10846
goof	10847
gouging	10848
grabs	10849
graders	10850
graduating	10851
grandma	10852
graphics	10853
grazing	10854
grenade	10855
gridlock	10856
grids	10857
groping	10858
grounding	10859
grovel	10860
guarantees	10861
gubernatorial	10862
guessed	10863
gunshot	10864
gus	10865
gym	10866
haiti	10867
ham	10868
hammered	10869
handicap	10870
handlers	10871
handshake	10872
hangar	10873
hannemann	10874
hannity	10875
hardened	10876
hardware	10877
harmed	10878
harming	10879
hauling	10880
havoc	10881
heal	10882
heartbreaking	10883
heated	10884
heels	10885
helpless	10886
herald	10887
heretical	10888
hes	10889
hhs	10890
hid	10891
hierarchs	10892
hiking	10893
hinder	10894
historians	10895
hoas	10896
hog	10897
hogwash	10898
holier	10899
homegrown	10900
hooked	10901
horribly	10902
hospitality	10903
hourly	10904
housepublications	10905
howard	10906
href	10907
icbm	10908
icebreakers	10909
identifying	10910
iditarod	10911
idle	10912
il	10913
illegitimate	10914
illicit	10915
illustration	10916
imbecile	10917
impairment	10918
implicated	10919
imposes	10920
impress	10921
imprison	10922
impulsive	10923
inanimate	10924
inaugural	10925
incarnation	10926
inciting	10927
incompatible	10928
indicative	10929
indict	10930
indicted	10931
indictments	10932
indifference	10933
indignation	10934
ineligible	10935
ineptitude	10936
infantile	10937
infer	10938
infidels	10939
inflict	10940
influences	10941
infringing	10942
innate	10943
innovations	10944
ins	10945
inspector	10946
instability	10947
instinct	10948
institutionalized	10949
instructors	10950
insulated	10951
int	10952
intact	10953
integrate	10954
integrated	10955
interact	10956
interpreting	10957
interventions	10958
intrusion	10959
inviting	10960
invoke	10961
invoking	10962
irma	10963
irresponsibility	10964
islanders	10965
isle	10966
israelis	10967
iv	10968
ix	10969
jaded	10970
jailing	10971
jake	10972
jam	10973
jaw	10974
jc	10975
jeremy	10976
jesuits	10977
joey	10978
johann	10979
jose	10980
jour	10981
journeys	10982
julius	10983
justins	10984
kahuku	10985
kamehameha	10986
kenoi	10987
kent	10988
keyed	10989
kiszla	10990
knocked	10991
kodiak	10992
koran	10993
krauthammer	10994
kyle	10995
labels	10996
laetitia	10997
landlords	10998
lars	10999
lasts	11000
latino	11001
launder	11002
laura	11003
layers	11004
leagues	11005
leased	11006
leasing	11007
lens	11008
liable	11009
liberties	11010
licence	11011
lighting	11012
lightly	11013
liking	11014
limbaugh	11015
linda	11016
lined	11017
liner	11018
listeners	11019
livable	11020
liver	11021
livestock	11022
loads	11023
loosing	11024
louisiana	11025
lover	11026
lowell	11027
lowers	11028
luis	11029
lung	11030
lyndon	11031
macdonald	11032
magnet	11033
maimed	11034
malaysia	11035
malfeasance	11036
mallot	11037
maniacs	11038
manipulative	11039
maps	11040
maria	11041
marines	11042
marketed	11043
marxism	11044
mathematical	11045
maverick	11046
mbalula	11047
mcdonalds	11048
mcgill	11049
mclaren	11050
mds	11051
meanings	11052
measuring	11053
mel	11054
mercedes	11055
mercenaries	11056
merger	11057
messiah	11058
messy	11059
methodology	11060
microphone	11061
mildly	11062
militarily	11063
millionaire	11064
milo	11065
mindfulness	11066
mindlessly	11067
miners	11068
misrepresentation	11069
mississippi	11070
missles	11071
missouri	11072
mm	11073
mmr	11074
moan	11075
molecule	11076
momentum	11077
mongering	11078
mongers	11079
moniker	11080
mop	11081
moratorium	11082
mosques	11083
motherhood	11084
motorcycle	11085
msnbc	11086
muck	11087
mud	11088
mufi	11089
mulcair	11090
multicultural	11091
mundane	11092
munoz	11093
museums	11094
musical	11095
mythical	11096
myths	11097
napkin	11098
narrowly	11099
nathan	11100
nba	11101
nbc	11102
ncaa	11103
neat	11104
negate	11105
negligible	11106
neill	11107
neophyte	11108
nestorius	11109
netanyahu	11110
nightly	11111
nj	11112
noah	11113
nolan	11114
nonprofits	11115
nostalgia	11116
notch	11117
notre	11118
notwithstanding	11119
novus	11120
o77	11121
obfuscation	11122
obliged	11123
obstructing	11124
oceanic	11125
oct	11126
odious	11127
offerings	11128
oilies	11129
oligarchy	11130
omitted	11131
operator	11132
opportunist	11133
opted	11134
ordinal	11135
ordo	11136
oregonian	11137
oregonians	11138
organizer	11139
orthodoxy	11140
otoh	11141
outlandish	11142
outlined	11143
outsider77	11144
overhead	11145
overt	11146
overthrown	11147
pact	11148
pales	11149
pallister	11150
palm	11151
pals	11152
panama	11153
pandora	11154
panhandler	11155
paraphrase	11156
pardoned	11157
parity	11158
partnerships	11159
passages	11160
patchwork	11161
patronage	11162
pbo	11163
pcs	11164
pd	11165
peanut	11166
pedophiles	11167
penalize	11168
penance	11169
pens	11170
peril	11171
perjury	11172
perm	11173
perpetrators	11174
perps	11175
persist	11176
persona	11177
pertains	11178
perverted	11179
pesticide	11180
petulant	11181
pharmaceuticals	11182
phds	11183
philadelphia	11184
philosophical	11185
pho	11186
piling	11187
pinch	11188
pissing	11189
pistol	11190
pitches	11191
plains	11192
planners	11193
planting	11194
platonic	11195
plentiful	11196
plum	11197
poem	11198
poetry	11199
poisoned	11200
poisons	11201
politifact	11202
pollster	11203
pollutant	11204
pollutants	11205
populated	11206
portable	11207
porter	11208
posed	11209
possessions	11210
pov	11211
powell	11212
pps	11213
practise	11214
practitioners	11215
preferences	11216
preferring	11217
preliminary	11218
premature	11219
preparation	11220
prescriptions	11221
presently	11222
preying	11223
principled	11224
privatized	11225
proceedings	11226
professionally	11227
profoundly	11228
programming	11229
prolonged	11230
promptly	11231
pronoun	11232
proponents	11233
proportionately	11234
proposes	11235
prosper	11236
protectors	11237
provincially	11238
prp	11239
psychiatrist	11240
psycho	11241
psychotic	11242
publicized	11243
publisher	11244
punctuation	11245
punk	11246
pupil	11247
quantity	11248
quibbling	11249
quickest	11250
racially	11251
racing	11252
radicalization	11253
raging	11254
rains	11255
rainy	11256
ramaphosa	11257
rampage	11258
ramps	11259
ranchers	11260
randomly	11261
ranges	11262
ranging	11263
rb	11264
realization	11265
realizes	11266
realm	11267
recipient	11268
reciprocity	11269
recollection	11270
recommendation	11271
reconsider	11272
recovered	11273
reef	11274
referral	11275
refinery	11276
refining	11277
reformers	11278
refs	11279
regs	11280
regulating	11281
rehab	11282
reilly	11283
relates	11284
relies	11285
relocated	11286
relocation	11287
reluctant	11288
remembering	11289
reminiscent	11290
remnants	11291
remorse	11292
renal	11293
renovation	11294
repaired	11295
repairs	11296
repatriate	11297
replay	11298
replica	11299
reproach	11300
republics	11301
repulsive	11302
reservoir	11303
resisted	11304
respectable	11305
restoring	11306
resurrection	11307
reversal	11308
revision	11309
revisit	11310
revolvers	11311
revolving	11312
rica	11313
riders	11314
ridiculed	11315
righty	11316
rigs	11317
rinse	11318
rioters	11319
rites	11320
rivals	11321
robertson	11322
robinson	11323
robot	11324
roc	11325
rockets	11326
rocky	11327
rolls	11328
rona	11329
roosevelt	11330
rooted	11331
rotation	11332
rr	11333
runner	11334
rus	11335
rushed	11336
rushing	11337
rv	11338
sacrifices	11339
sadness	11340
sail	11341
sailed	11342
sally	11343
salvador	11344
sanger	11345
sans	11346
satisfying	11347
sausage	11348
scammers	11349
scandinavia	11350
schedules	11351
schism	11352
scholar	11353
schurtz	11354
scored	11355
screams	11356
scumbag	11357
seas	11358
seaton	11359
seinfeld	11360
seminary	11361
senses	11362
separates	11363
seriousness	11364
servicing	11365
shade	11366
shades	11367
shady	11368
shaking	11369
shameless	11370
shaming	11371
sharply	11372
shepherd	11373
shibai	11374
shipments	11375
shipped	11376
shocks	11377
shoots	11378
shores	11379
shower	11380
showers	11381
shrug	11382
sibling	11383
siblings	11384
silenced	11385
simpler	11386
simplified	11387
singapore	11388
sixth	11389
sk	11390
skinner	11391
slash	11392
slate	11393
slick	11394
slot	11395
slower	11396
sludge	11397
slugs	11398
smack	11399
smacks	11400
smearing	11401
smooth	11402
snack	11403
snopes	11404
snowden	11405
snp	11406
soaking	11407
socioeconomic	11408
softwood	11409
solitary	11410
solvent	11411
southeast	11412
spadaro	11413
spade	11414
spark	11415
spawn	11416
spay	11417
spectacle	11418
speculate	11419
speculating	11420
speedy	11421
spice	11422
spike	11423
spiraling	11424
spoils	11425
spontaneous	11426
spoon	11427
spying	11428
sq	11429
squatters	11430
sr	11431
stagnation	11432
stakes	11433
stalled	11434
stanley	11435
staring	11436
starved	11437
stationed	11438
steer	11439
steering	11440
stereotypes	11441
stimulate	11442
stimulus	11443
stomach	11444
stoned	11445
strain	11446
stranded	11447
straws	11448
stressed	11449
striking	11450
struggles	11451
stubborn	11452
stupidly	11453
subscriptions	11454
substantiate	11455
substantiated	11456
summit	11457
sunk	11458
sunset	11459
supervise	11460
supervision	11461
supplementary	11462
supplying	11463
surpassed	11464
surpluses	11465
surprisingly	11466
surveys	11467
suv	11468
swallow	11469
swap	11470
swedish	11471
sweeping	11472
sydney	11473
synthetic	11474
syrians	11475
tabloid	11476
talents	11477
tales	11478
tampering	11479
teamed	11480
temper	11481
tenets	11482
tennessee	11483
tension	11484
tenured	11485
terminal	11486
terminating	11487
thailand	11488
thee	11489
therapist	11490
thermal	11491
thirst	11492
thompson	11493
thumping	11494
ticks	11495
tidal	11496
tiles	11497
timer	11498
tion	11499
titled	11500
tnr	11501
toes	11502
tonne	11503
tops	11504
torch	11505
tossing	11506
toy	11507
traced	11508
tragedies	11509
trailers	11510
transaction	11511
transfers	11512
translations	11513
trap	11514
trashed	11515
treatments	11516
tribalism	11517
tribute	11518
tricks	11519
trim	11520
trooper	11521
trumpian	11522
trumpians	11523
trumpland	11524
tuna	11525
turbines	11526
unabated	11527
unauthorized	11528
uncovered	11529
undergo	11530
unelectable	11531
unequal	11532
unified	11533
unionized	11534
unpleasant	11535
unskilled	11536
unsure	11537
unwarranted	11538
upgraded	11539
upgrades	11540
upholding	11541
upsetting	11542
upwards	11543
utilizing	11544
utopian	11545
vapor	11546
veggies	11547
verbally	11548
victimized	11549
vigilant	11550
vigorously	11551
vilified	11552
violently	11553
vodka	11554
volunteering	11555
voucher	11556
vouchers	11557
vowed	11558
wagon	11559
waimea	11560
waipahu	11561
wal	11562
walkers	11563
wandered	11564
warmth	11565
wary	11566
washrooms	11567
watt	11568
weaker	11569
weakness	11570
wears	11571
weaving	11572
webster	11573
wesley	11574
westerners	11575
wheat	11576
whims	11577
whiners	11578
whitey	11579
whomever	11580
whopping	11581
wikileaks	11582
wilcox	11583
windmills	11584
withdrawal	11585
wmds	11586
woes	11587
wonderfully	11588
wool	11589
worsened	11590
wrecking	11591
wth	11592
xcel	11593
yacht	11594
yah	11595
yay	11596
ymca	11597
yuge	11598
yvr	11599
zealand	11600
zipper	11601
100m	11602
100th	11603
109	11604
10k	11605
111	11606
122	11607
128	11608
138	11609
167	11610
1800	11611
1920s	11612
1939	11613
1948	11614
1969	11615
1978	11616
203	11617
2100	11618
2500	11619
270	11620
2a	11621
2c	11622
300m	11623
350	11624
401	11625
4j	11626
550	11627
7000	11628
732	11629
737	11630
907	11631
93	11632
aaa	11633
aaron	11634
abandoning	11635
abetted	11636
abnormal	11637
aboard	11638
aborted	11639
absurdity	11640
abu	11641
abundantly	11642
abyss	11643
accelerated	11644
accent	11645
accepts	11646
accommodating	11647
accompanied	11648
accuses	11649
acquisition	11650
acquitted	11651
actor	11652
ada	11653
adaptation	11654
adios	11655
administered	11656
adolph	11657
adu	11658
adversely	11659
advertised	11660
affinity	11661
affirm	11662
afghan	11663
aftermath	11664
aggravated	11665
aggregate	11666
aggressions	11667
agri	11668
ahca	11669
ahmed	11670
ahu	11671
aidea	11672
airspace	11673
alan	11674
alarmist	11675
alarmists	11676
albert	11677
alcan	11678
alexandra	11679
algorithm	11680
alienated	11681
alleges	11682
allen	11683
alles	11684
allied	11685
allocating	11686
allocation	11687
allowances	11688
alongside	11689
alphonso	11690
alton	11691
altruism	11692
amber	11693
amoral	11694
amusement	11695
amy	11696
analysts	11697
analytical	11698
anatomy	11699
anniversary	11700
anointed	11701
anonymously	11702
anticipate	11703
antisemitic	11704
antonio	11705
anxious	11706
apostle	11707
appearances	11708
appeasing	11709
applause	11710
applicant	11711
appointee	11712
appreciates	11713
apt	11714
aquino	11715
arbiter	11716
arch	11717
archive	11718
archives	11719
argh	11720
arises	11721
arising	11722
ark	11723
armenian	11724
armies	11725
arrange	11726
arrivals	11727
artifacts	11728
ashes	11729
aspire	11730
assassinate	11731
assemble	11732
assessing	11733
assessments	11734
assignments	11735
assuredly	11736
atlanta	11737
atlas	11738
atmospheric	11739
attackers	11740
attire	11741
audited	11742
aunt	11743
aurora	11744
authored	11745
authoritative	11746
automotive	11747
autonomy	11748
avenues	11749
avid	11750
awe	11751
ay	11752
backbone	11753
backroom	11754
badges	11755
bailing	11756
bailouts	11757
baited	11758
bake	11759
baking	11760
bam	11761
bama	11762
bamacare	11763
bangladesh	11764
bankrupting	11765
baptism	11766
baptists	11767
barbarians	11768
barbie	11769
bargained	11770
barking	11771
barrycare	11772
bart	11773
bastards	11774
batch	11775
baton	11776
beaches	11777
beam	11778
beers	11779
beggars	11780
behavioral	11781
beijing	11782
believable	11783
beneficiary	11784
benefitted	11785
benevolent	11786
bethel	11787
betsy	11788
bettman	11789
betty	11790
bicyclists	11791
biking	11792
biography	11793
bissonnette	11794
bits	11795
blackberry	11796
blackmon	11797
blair	11798
blasted	11799
blasting	11800
bleed	11801
blinders	11802
blindness	11803
blooded	11804
blunders	11805
bluster	11806
blvd	11807
bmo	11808
bo	11809
boasting	11810
bodily	11811
boehner	11812
boggling	11813
boiler	11814
boiling	11815
bono	11816
booked	11817
boondoggles	11818
bos	11819
boucher	11820
boycotting	11821
bradley	11822
brag	11823
brags	11824
braindead	11825
brained	11826
breaches	11827
breaching	11828
breasts	11829
bred	11830
breeze	11831
brena	11832
brennan	11833
brewing	11834
bribe	11835
brick	11836
bride	11837
browder	11838
bu	11839
bullseye	11840
bureaucracies	11841
bureaucrat	11842
burgers	11843
burnt	11844
butler	11845
butterflies	11846
bypassing	11847
byu	11848
caan	11849
calculations	11850
calgarians	11851
caliber	11852
canadain	11853
cancellation	11854
canned	11855
canst	11856
cardboard	11857
caribbean	11858
caricature	11859
carlin	11860
cartels	11861
cartoon	11862
carts	11863
castle	11864
casually	11865
catalyst	11866
catcher	11867
categorically	11868
catherine	11869
cbo	11870
ccpc	11871
ceded	11872
centric	11873
cfm	11874
championed	11875
changer	11876
characterization	11877
characterize	11878
charade	11879
chargers	11880
charisma	11881
charities	11882
charlotte	11883
cheek	11884
chickens	11885
chocolate	11886
chomsky	11887
chr	11888
chumpsters	11889
circular	11890
circumstance	11891
circumvent	11892
claimants	11893
claptrap	11894
clarifying	11895
classify	11896
classmates	11897
cleaners	11898
cleanse	11899
clearance	11900
clerks	11901
clicked	11902
clicking	11903
clicks	11904
climates	11905
closure	11906
clouds	11907
clusters	11908
coached	11909
cocaine	11910
coddled	11911
cohort	11912
colder	11913
collude	11914
colluded	11915
colonized	11916
colored	11917
comb	11918
combatants	11919
combine	11920
comedian	11921
comforting	11922
comma	11923
commanded	11924
commie	11925
commissioned	11926
commonwealth	11927
communicating	11928
communistic	11929
compel	11930
compels	11931
complainers	11932
completion	11933
compliant	11934
complicity	11935
composition	11936
comprised	11937
comprises	11938
concede	11939
concussions	11940
conditioning	11941
confiscate	11942
conflating	11943
conflicted	11944
confuses	11945
conjecture	11946
connecticut	11947
conned	11948
conoco	11949
conocophillips	11950
conquest	11951
consequently	11952
consolidate	11953
constitutionality	11954
consultation	11955
container	11956
containing	11957
contingent	11958
contra	11959
contrived	11960
conundrum	11961
conventions	11962
cooked	11963
cooker	11964
cooler	11965
cooperative	11966
coordinated	11967
copay	11968
cope	11969
copying	11970
copyright	11971
cos	11972
cosmic	11973
courtroom	11974
cowardice	11975
cowering	11976
cozy	11977
cpa	11978
crafted	11979
crank	11980
crashed	11981
crashes	11982
crave	11983
crawling	11984
creatively	11985
creeping	11986
creepy	11987
cries	11988
cringe	11989
cripple	11990
critic	11991
crosswalk	11992
crows	11993
crunch	11994
crusader	11995
crusades	11996
crybabies	11997
cs	11998
cua	11999
cub	12000
cuck	12001
cues	12002
cups	12003
currencies	12004
curry	12005
curtain	12006
cynicism	12007
dads	12008
dampen	12009
dana	12010
darker	12011
darkey	12012
darkness	12013
darling	12014
dash	12015
dat	12016
dawson	12017
db	12018
ddg	12019
dearly	12020
debatable	12021
decreased	12022
decrying	12023
defamation	12024
defunding	12025
defy	12026
degradation	12027
delicious	12028
demeanor	12029
demonized	12030
demonstrable	12031
demonstrators	12032
denali	12033
denier	12034
denomination	12035
denominations	12036
depended	12037
deploy	12038
deployed	12039
deposed	12040
depositions	12041
depreciation	12042
derives	12043
derringer	12044
descending	12045
designation	12046
despot	12047
destinations	12048
destined	12049
detained	12050
deter	12051
deteriorated	12052
devastation	12053
dice	12054
diego	12055
digit	12056
dilemma	12057
diligent	12058
dimensions	12059
diploma	12060
diplomats	12061
dipping	12062
dirtbag	12063
disadvantages	12064
disclaimer	12065
disclosed	12066
disconcerting	12067
disconnect	12068
disconnected	12069
discontinued	12070
discredit	12071
discretionary	12072
discriminatory	12073
discusses	12074
disgruntled	12075
disillusioned	12076
dislikes	12077
dismantled	12078
dismay	12079
dismissal	12080
dismissive	12081
disordered	12082
disparagement	12083
disparaging	12084
dispensaries	12085
disproportionately	12086
disrespected	12087
disrupt	12088
disrupting	12089
dissolved	12090
dist	12091
distress	12092
distributing	12093
disturbed	12094
diversification	12095
diversion	12096
divisions	12097
divisiveness	12098
dix	12099
dl	12100
dmft	12101
doa	12102
docs	12103
dolphins	12104
domestically	12105
dong	12106
dopey	12107
dough	12108
downer	12109
downsize	12110
downturn	12111
dragon	12112
drainage	12113
dreary	12114
drew	12115
dried	12116
drip	12117
drowning	12118
drs	12119
drugged	12120
dubia	12121
duly	12122
dumps	12123
eagles	12124
earner	12125
eaten	12126
ebay	12127
ecosystems	12128
editorials	12129
educations	12130
efficiencies	12131
effing	12132
eis	12133
elbow	12134
electors	12135
electronics	12136
elimination	12137
elliot	12138
eloquent	12139
embodied	12140
embodies	12141
embolden	12142
emerged	12143
emerges	12144
emigrate	12145
eminent	12146
emirates	12147
emission	12148
emitting	12149
emoluments	12150
emotions	12151
emphasizing	12152
ems	12153
emulate	12154
enacting	12155
enclaves	12156
enforceable	12157
enhancement	12158
enigma	12159
ensuing	12160
ensuring	12161
entails	12162
enterprises	12163
entrepreneur	12164
envelope	12165
environmentalist	12166
episcopal	12167
equated	12168
equates	12169
equitable	12170
eradicate	12171
eroding	12172
esa	12173
escalated	12174
escalation	12175
esl	12176
espouse	12177
est	12178
establishments	12179
estates	12180
eternity	12181
eucharistic	12182
evans	12183
everett	12184
evicted	12185
evolutionary	12186
ewtn	12187
excellence	12188
exceptionally	12189
excessively	12190
excused	12191
execs	12192
exemplified	12193
exhaust	12194
exhibited	12195
exiting	12196
expediency	12197
expel	12198
experimentation	12199
experiments	12200
explicit	12201
exploding	12202
exploring	12203
explosive	12204
exported	12205
extort	12206
extradition	12207
exxonmobil	12208
eyesore	12209
fabricated	12210
fabrication	12211
facet	12212
facile	12213
factored	12214
fading	12215
fakes	12216
fallacies	12217
famously	12218
fangled	12219
fantasies	12220
fargo	12221
fart	12222
fashionable	12223
favorites	12224
favourite	12225
feared	12226
fellows	12227
fenced	12228
fend	12229
feng	12230
fiat	12231
fictional	12232
fidel	12233
figueroa	12234
filers	12235
filipino	12236
filler	12237
finch	12238
fink	12239
firemen	12240
fishy	12241
fist	12242
fitness	12243
flame	12244
flats	12245
flatter	12246
flattering	12247
flaunt	12248
float	12249
flooded	12250
flop	12251
floridation	12252
flourishes	12253
fluffy	12254
fluoridated	12255
foaming	12256
foil	12257
foisting	12258
foolhardy	12259
foolishly	12260
footnote	12261
forego	12262
foregone	12263
foremost	12264
forensic	12265
forensics	12266
forgets	12267
forgo	12268
forwarded	12269
fpr	12270
fraught	12271
freaking	12272
freeloaders	12273
freeway	12274
freshman	12275
fries	12276
frightened	12277
fro	12278
frost	12279
frowned	12280
fsa	12281
ftc	12282
fuck	12283
fulfilled	12284
fundamentalism	12285
fur	12286
fury	12287
fw	12288
gaggle	12289
galveston	12290
gangsters	12291
gara	12292
garner	12293
garrett	12294
ged	12295
geltbox	12296
gem	12297
generates	12298
generator	12299
geneva	12300
genie	12301
geo	12302
geographic	12303
geology	12304
georgetown	12305
germaine	12306
gerrymandered	12307
gerrymandering	12308
gfsza	12309
ghgs	12310
gist	12311
git	12312
gl	12313
glimpse	12314
glut	12315
goldberg	12316
goldman	12317
goldwater	12318
golfing	12319
goody	12320
goons	12321
gould	12322
grabber	12323
graded	12324
grader	12325
grammatical	12326
grams	12327
grande	12328
graphic	12329
greatness	12330
greece	12331
greenland	12332
grenn	12333
grifters	12334
grind	12335
grinding	12336
gripe	12337
groucho	12338
guardians	12339
gulag	12340
gumption	12341
gunman	12342
guru	12343
gutter	12344
gutting	12345
gyms	12346
habitation	12347
habitual	12348
hackers	12349
haired	12350
hairs	12351
haitians	12352
hales	12353
halibut	12354
hallmark	12355
halloween	12356
hammer	12357
hampshire	12358
handout	12359
handy	12360
hansen	12361
har	12362
hardcore	12363
hardship	12364
hare	12365
harmony	12366
harold	12367
harrison	12368
hassles	12369
hatting	12370
hawker	12371
hayden	12372
hbo	12373
headaches	12374
heartbeat	12375
heartedly	12376
heath	12377
heavens	12378
heights	12379
heinbecker	12380
heir	12381
henderson	12382
heroic	12383
hesitate	12384
hezbollah	12385
hhsc	12386
hideous	12387
hijab	12388
hilliary	12389
hippy	12390
hipster	12391
historian	12392
hitter	12393
hm	12394
hmmmm	12395
hnl	12396
hogs	12397
homesteaders	12398
homo	12399
honduras	12400
honorary	12401
hoods	12402
hoot	12403
hopeless	12404
horizons	12405
horrid	12406
howler	12407
huffingtonpost	12408
hug	12409
hugs	12410
hui	12411
humanities	12412
humiliation	12413
humour	12414
hwy	12415
hydroelectric	12416
ibm	12417
icy	12418
idealism	12419
identifiable	12420
identification	12421
identities	12422
ideologue	12423
idling	12424
ignited	12425
ignorantly	12426
iirc	12427
ike	12428
illustrate	12429
imaginable	12430
imams	12431
imbalances	12432
imhof	12433
immigrate	12434
impede	12435
implode	12436
implore	12437
implosion	12438
impossibility	12439
imprisoning	12440
impulse	12441
imua	12442
incessant	12443
incidence	12444
incoherent	12445
inconsequential	12446
incurred	12447
independently	12448
indexed	12449
indiana	12450
indicating	12451
indivisible	12452
indoors	12453
indulge	12454
industrialization	12455
industrialized	12456
ineffectual	12457
ineptness	12458
inequalities	12459
inexpensive	12460
inexperienced	12461
infected	12462
infections	12463
inference	12464
inferiority	12465
infinite	12466
infringed	12467
ingested	12468
inhabit	12469
inherit	12470
inhumane	12471
injure	12472
injustices	12473
innocence	12474
inquisition	12475
insecurity	12476
inspect	12477
inspire	12478
inspiring	12479
instantly	12480
instituted	12481
instrumental	12482
insured	12483
intellectuals	12484
intelligible	12485
intensity	12486
intensive	12487
interchangeable	12488
intern	12489
interrogate	12490
interrogation	12491
interrupt	12492
interstate	12493
intimidating	12494
introspection	12495
intuitive	12496
invalid	12497
invent	12498
invocation	12499
iolani	12500
ipso	12501
iraqis	12502
ire	12503
islamaphobia	12504
jacob	12505
janitor	12506
jeez	12507
jeopardize	12508
jerks	12509
jerusalem	12510
jessica	12511
jihadists	12512
jonathan	12513
judgemental	12514
judgements	12515
judgments	12516
judy	12517
jumbo	12518
junkie	12519
juries	12520
jurist	12521
justifying	12522
kahala	12523
kasich	12524
katherine	12525
keala	12526
keepers	12527
kellie	12528
kemp	12529
kentucky	12530
kenya	12531
kenyan	12532
kerr	12533
keynesian	12534
kidnapping	12535
kit	12536
kobach	12537
konrad	12538
krugman	12539
ktuu	12540
l2g	12541
laborers	12542
lamb	12543
lament	12544
landed	12545
laos	12546
lawyering	12547
leakers	12548
leeward	12549
lege	12550
legend	12551
legion	12552
legislate	12553
legs	12554
lemming	12555
lending	12556
leonard	12557
lesbians	12558
libel	12559
libertarians	12560
libyan	12561
lieberals	12562
lil	12563
lima	12564
limbo	12565
linear	12566
linger	12567
litigate	12568
litmus	12569
litre	12570
litter	12571
livelihoods	12572
lively	12573
llc	12574
lloyd	12575
loath	12576
loathe	12577
loathsome	12578
lobbied	12579
locks	12580
logo	12581
lolo	12582
lomborg	12583
longevity	12584
looming	12585
loonie	12586
loot	12587
lopez	12588
loyalist	12589
lte	12590
luggage	12591
lumped	12592
lunatics	12593
lurking	12594
lw1	12595
lyft	12596
lynchings	12597
m103	12598
m97	12599
ma	12600
mackinnon	12601
macleans	12602
madoff	12603
maggots	12604
maglev	12605
magna	12606
mails	12607
makaha	12608
malaise	12609
malays	12610
malice	12611
mandy	12612
manhattan	12613
manifest	12614
manifestation	12615
mansion	12616
mansions	12617
manslaughter	12618
marco	12619
marginalize	12620
margo	12621
marianne	12622
marital	12623
markham	12624
maroon	12625
martinez	12626
marty	12627
marxists	12628
mascot	12629
masculine	12630
mastercard	12631
mastery	12632
maternity	12633
mates	12634
maxine	12635
mb	12636
mcguinty	12637
medal	12638
medic	12639
menace	12640
mentor	12641
merkley	12642
messes	12643
metcalf	12644
methinks	12645
miami	12646
microsoft	12647
mild	12648
militaristic	12649
milking	12650
millimeter	12651
mills	12652
milton	12653
mimic	12654
mindedness	12655
minimums	12656
ministerial	12657
miraculously	12658
misdemeanors	12659
misfits	12660
mishandling	12661
misinterpret	12662
misinterpreted	12663
misled	12664
mismanaged	12665
misread	12666
misrepresented	12667
missions	12668
missle	12669
misunderstand	12670
mitigating	12671
mlb	12672
moaning	12673
mobs	12674
mocked	12675
mocks	12676
modifications	12677
mohamed	12678
moisture	12679
mold	12680
molested	12681
monitored	12682
monitors	12683
monkeys	12684
monsanto	12685
monumental	12686
moochers	12687
motorcade	12688
motorist	12689
motors	12690
mounted	12691
mounting	12692
muddy	12693
mug	12694
multinational	12695
multitudes	12696
munich	12697
municipality	12698
municipally	12699
muse	12700
musher	12701
mute	12702
myanmar	12703
myopic	12704
mysterious	12705
mythology	12706
mz	12707
nada	12708
nails	12709
nannies	12710
naomi	12711
nap	12712
nashville	12713
nate	12714
natures	12715
nauseating	12716
navigable	12717
navigate	12718
ne	12719
nearest	12720
necks	12721
needles	12722
neglects	12723
negotiator	12724
negotiators	12725
neighbourhoods	12726
neko	12727
nelson	12728
neocons	12729
neoliberal	12730
newman	12731
newton	12732
nhs	12733
nightclub	12734
nome	12735
nominal	12736
nominating	12737
nonprofit	12738
northeast	12739
notifications	12740
nots	12741
np	12742
nsf	12743
nuance	12744
nuncio	12745
nurnie	12746
nutrients	12747
nutrition	12748
oakland	12749
oberg	12750
objected	12751
objectivity	12752
obstacle	12753
obstacles	12754
occurrence	12755
od	12756
offshoring	12757
ohana	12758
ohh	12759
ohta	12760
oilsands	12761
oily	12762
onside	12763
onslaught	12764
ontarians	12765
oped	12766
opera	12767
opines	12768
opiods	12769
opportunistic	12770
oppressive	12771
optimal	12772
orchestrated	12773
ordinances	12774
ore	12775
organisms	12776
orsy	12777
otter	12778
ou	12779
ouch	12780
outgoing	12781
outlawed	12782
outlying	12783
outnumber	12784
outskirts	12785
outsource	12786
outweigh	12787
overreach	12788
overrun	12789
overtaxed	12790
overvalued	12791
overweight	12792
overwhelm	12793
oxymoron	12794
oyster	12795
oysters	12796
packages	12797
pads	12798
pail	12799
palmer	12800
panhandling	12801
para	12802
parades	12803
paramount	12804
parasite	12805
parasites	12806
parishioners	12807
parody	12808
partying	12809
paso	12810
passionate	12811
pastors	12812
patently	12813
patriarchy	12814
patrons	12815
patsy	12816
pawns	12817
paychecks	12818
payette	12819
pca	12820
pct	12821
pea	12822
peaked	12823
peanuts	12824
peddlers	12825
peel	12826
pejorative	12827
pell	12828
performances	12829
perpetually	12830
perpetuating	12831
perpetuity	12832
persistent	12833
persuade	12834
pertaining	12835
pervasive	12836
perverse	12837
pg	12838
phenomena	12839
philippines	12840
phrases	12841
pi	12842
pickle	12843
picnic	12844
pics	12845
pigeon	12846
pillar	12847
pillow	12848
pin	12849
pinnacle	12850
pinned	12851
pius	12852
pivot	12853
plaque	12854
plates	12855
platter	12856
pleas	12857
pleases	12858
pled	12859
pledging	12860
pls	12861
plugs	12862
pms	12863
podcast	12864
pointy	12865
poisonous	12866
poke	12867
poker	12868
pol	12869
polis	12870
polled	12871
polluters	12872
pond	12873
popcorn	12874
popping	12875
porch	12876
portions	12877
portrayal	12878
portrayed	12879
positioned	12880
possessed	12881
possessing	12882
possibilities	12883
posture	12884
povs	12885
pragmatic	12886
preferable	12887
pregnancies	12888
premiere	12889
premises	12890
pressing	12891
pressures	12892
presumption	12893
pretext	12894
prevailing	12895
preview	12896
priebus	12897
princeton	12898
privatizing	12899
prizes	12900
proclaiming	12901
profanity	12902
profitability	12903
profiteering	12904
profiting	12905
prohibiting	12906
projecting	12907
proliferation	12908
prominence	12909
propane	12910
proponent	12911
pros	12912
prosperous	12913
prostitution	12914
protester	12915
prowess	12916
proximity	12917
pruitt	12918
psychologist	12919
pts	12920
pubs	12921
pulp	12922
pulpit	12923
punahou	12924
punches	12925
punching	12926
pundit	12927
punishments	12928
purgatory	12929
purple	12930
purport	12931
purportedly	12932
pushers	12933
qbs	12934
quaint	12935
quakes	12936
quarterbacks	12937
quarters	12938
quer	12939
quotation	12940
rabbit	12941
racket	12942
rah	12943
railing	12944
railroaded	12945
rambling	12946
ramp	12947
rationally	12948
rationing	12949
rauner	12950
razak	12951
razor	12952
reacted	12953
readership	12954
rebound	12955
receding	12956
reception	12957
receptive	12958
recessions	12959
recon	12960
recording	12961
recruited	12962
recruits	12963
recusal	12964
redefine	12965
referencing	12966
refined	12967
refund	12968
refundable	12969
refuting	12970
regarded	12971
registering	12972
regressives	12973
regulars	12974
regulatory	12975
regurgitating	12976
reigns	12977
rein	12978
reince	12979
rejects	12980
relaxing	12981
relegated	12982
relentlessly	12983
reliability	12984
remainder	12985
remedial	12986
remediation	12987
reminding	12988
renaming	12989
renounce	12990
renovations	12991
renzetti	12992
repay	12993
repeats	12994
repent	12995
repercussions	12996
repetitive	12997
replicated	12998
reproductive	12999
repugnant	13000
res	13001
rescued	13002
resembles	13003
residual	13004
resignation	13005
resilient	13006
resolving	13007
resorting	13008
resorts	13009
resting	13010
restoration	13011
restrained	13012
restroom	13013
restructuring	13014
resurrected	13015
rethink	13016
retiree	13017
retort	13018
retract	13019
retrofit	13020
retrofitting	13021
reuer	13022
reverend	13023
revise	13024
revised	13025
revisionism	13026
revive	13027
revolting	13028
revolve	13029
revolves	13030
rewrite	13031
rhyme	13032
ribs	13033
rican	13034
richardson	13035
ridiculously	13036
riel	13037
rigging	13038
rightful	13039
rinos	13040
rio	13041
risked	13042
rite	13043
rodgers	13044
rodham	13045
rolo	13046
rosenstein	13047
roulette	13048
rounding	13049
royalties	13050
rrsps	13051
rubberstamp	13052
rubbing	13053
rubble	13054
rumors	13055
rumours	13056
rumsfeld	13057
rung	13058
runway	13059
rust	13060
ruthless	13061
sabotaging	13062
sack	13063
sacked	13064
sailing	13065
salacious	13066
salvage	13067
samples	13068
sanction	13069
sanitize	13070
sap	13071
sapiens	13072
sara	13073
sarge	13074
sarin	13075
sask	13076
sasse	13077
satellites	13078
satisfies	13079
saturated	13080
sauce	13081
savage	13082
savvy	13083
scapegoat	13084
schatz	13085
schwab	13086
sciences	13087
scorn	13088
scrappy	13089
scratching	13090
scripted	13091
scrub	13092
sdi	13093
seize	13094
semester	13095
seminarians	13096
seminaries	13097
sensationalism	13098
separately	13099
separating	13100
separatism	13101
sermons	13102
setback	13103
sfc	13104
shaft	13105
shaken	13106
shale	13107
shane	13108
shapiro	13109
sharks	13110
sharpest	13111
shaw	13112
sheen	13113
shelf	13114
sherman	13115
shields	13116
shiny	13117
shooters	13118
shopo	13119
shoreline	13120
shouted	13121
shoved	13122
shoveling	13123
shrill	13124
shrine	13125
shrink	13126
shuffled	13127
shui	13128
shunned	13129
si	13130
sidekick	13131
sideline	13132
sierra	13133
signatories	13134
silicon	13135
simon	13136
simplest	13137
simpleton	13138
singled	13139
singling	13140
sinker	13141
sitka	13142
skipped	13143
skirts	13144
skunk	13145
slapped	13146
slated	13147
sled	13148
slept	13149
sliding	13150
slipped	13151
slippers	13152
sliver	13153
slop	13154
slows	13155
slug	13156
slurs	13157
smarmy	13158
smarts	13159
smiles	13160
smuggled	13161
smugly	13162
snakes	13163
sneaking	13164
sneaky	13165
snipe	13166
snuck	13167
soap	13168
sociology	13169
sock	13170
sodomy	13171
solves	13172
somethings	13173
soooo	13174
sophie	13175
sourced	13176
southworth	13177
soy	13178
sparks	13179
speculative	13180
speeds	13181
spelled	13182
spenard	13183
spenders	13184
spices	13185
spies	13186
spilled	13187
spotlight	13188
spout	13189
sprawl	13190
sprayed	13191
spree	13192
sprinkling	13193
squarely	13194
squeak	13195
staged	13196
stain	13197
stale	13198
stalls	13199
starter	13200
steak	13201
stereotypical	13202
stereotyping	13203
sterilization	13204
stewart	13205
stfu	13206
stiff	13207
stinson	13208
stipulations	13209
stooges	13210
stored	13211
storing	13212
strap	13213
streams	13214
strengthening	13215
strengths	13216
stretches	13217
strife	13218
stringent	13219
stripe	13220
stripped	13221
strive	13222
struggled	13223
stuffed	13224
stunned	13225
stunted	13226
subban	13227
subjugated	13228
submitting	13229
subordinate	13230
subscribers	13231
subservient	13232
subsidiarity	13233
substituted	13234
subway	13235
succeeding	13236
sudan	13237
supermarket	13238
suppressing	13239
surf	13240
surge	13241
surgeons	13242
surrendered	13243
surround	13244
susitna	13245
suspend	13246
sustained	13247
sustaining	13248
suzanne	13249
swayed	13250
swell	13251
swine	13252
switching	13253
symbolism	13254
sympathizers	13255
symptom	13256
systematically	13257
tabloids	13258
tabor	13259
tacit	13260
taco	13261
tact	13262
tags	13263
tail	13264
talented	13265
talker	13266
tantamount	13267
taps	13268
tastes	13269
taxis	13270
tcpl	13271
tdw	13272
tearing	13273
technician	13274
technique	13275
teddy	13276
telephone	13277
temp	13278
temps	13279
tense	13280
tents	13281
termination	13282
terminology	13283
terrifying	13284
testosterone	13285
textbook	13286
thc	13287
theocratic	13288
theoretical	13289
therefor	13290
thestar	13291
thetyee	13292
thwart	13293
tick	13294
ticked	13295
tidewater	13296
timeless	13297
tipping	13298
tis	13299
tit	13300
tod	13301
toddler	13302
toilets	13303
tolls	13304
tonnes	13305
torches	13306
tore	13307
totality	13308
toting	13309
towels	13310
toxicity	13311
toxoplasmosis	13312
traders	13313
traits	13314
trajectory	13315
transcanada	13316
transcript	13317
transferring	13318
transgenders	13319
transitional	13320
translates	13321
transported	13322
trappers	13323
trapping	13324
trashing	13325
trashy	13326
traumatic	13327
traumatized	13328
traveled	13329
travels	13330
trendy	13331
tribunals	13332
trillions	13333
trillium	13334
troublesome	13335
truer	13336
truism	13337
trumpkins	13338
turds	13339
turnover	13340
tying	13341
ubc	13342
umm	13343
unanimously	13344
unattractive	13345
unbalanced	13346
uncontrolled	13347
uncritical	13348
undercut	13349
underestimate	13350
underfunded	13351
undermines	13352
understatement	13353
undeveloped	13354
uneasy	13355
unfavorable	13356
unfinished	13357
unforeseen	13358
ungrateful	13359
unhoused	13360
unintelligible	13361
unlucky	13362
unmitigated	13363
unnamed	13364
unneeded	13365
unorganized	13366
unproductive	13367
unravel	13368
untaxed	13369
untreated	13370
untruthful	13371
unused	13372
unvaccinated	13373
unwelcome	13374
uphill	13375
urine	13376
ut	13377
vaccinated	13378
vacuum	13379
valuations	13380
vandalism	13381
vandalized	13382
variations	13383
varying	13384
vault	13385
veco	13386
veer	13387
vegetables	13388
vehemently	13389
venues	13390
verifying	13391
vermin	13392
vermont	13393
verse	13394
vicar	13395
vices	13396
victimization	13397
viewership	13398
vikings	13399
vince	13400
vincent	13401
violators	13402
virgin	13403
vocational	13404
vocations	13405
voila	13406
volts	13407
voluntary	13408
volunteered	13409
vu	13410
wag	13411
waivers	13412
wakes	13413
wallace	13414
walter	13415
warring	13416
wasserman	13417
watered	13418
weary	13419
weasel	13420
wee	13421
weeds	13422
welcomes	13423
weld	13424
whale	13425
wheelchair	13426
wherein	13427
whiny	13428
whipping	13429
whitewashed	13430
whore	13431
width	13432
wielding	13433
wildish	13434
willie	13435
windfall	13436
wingnuts	13437
winston	13438
wireless	13439
woefully	13440
womb	13441
workable	13442
worldly	13443
worms	13444
worshiping	13445
wrecks	13446
wrongfully	13447
wwiii	13448
wynnie	13449
xavier	13450
xenophobe	13451
xenophobia	13452
xl	13453
yaqoob	13454
yates	13455
yeas	13456
yielding	13457
yoga	13458
yorker	13459
youngest	13460
zanc	13461
zealot	13462
zealous	13463
zoom	13464
zuckerberg	13465
10b	13466
11e6	13467
1200	13468
127	13469
142	13470
148	13471
150k	13472
1600	13473
162	13474
1812	13475
1861	13476
1865	13477
1900	13478
1917	13479
1929	13480
1930s	13481
1940	13482
1975	13483
1977	13484
1989	13485
1997	13486
212	13487
220	13488
230	13489
240	13490
241	13491
250k	13492
25k	13493
25th	13494
27th	13495
280	13496
299	13497
2b	13498
2d	13499
3000	13500
301	13501
310	13502
330	13503
3500	13504
425	13505
453	13506
470	13507
500k	13508
501	13509
50s	13510
51s	13511
5k	13512
666	13513
6b	13514
70000	13515
74	13516
75m	13517
777	13518
8000	13519
907ak	13520
999	13521
abandons	13522
abe	13523
abhor	13524
ably	13525
abort	13526
abortionists	13527
abrahamic	13528
abrupt	13529
absolutism	13530
abundance	13531
abuser	13532
academically	13533
academy	13534
accelerating	13535
acceleration	13536
accessed	13537
accolades	13538
accommodations	13539
accomplices	13540
accumulate	13541
accumulation	13542
achieving	13543
acquaintance	13544
acquaintances	13545
acronym	13546
acs	13547
actuals	13548
actuarial	13549
acumen	13550
adams	13551
adapting	13552
addendum	13553
addictions	13554
additives	13555
adherence	13556
adhering	13557
adjective	13558
adler	13559
admirable	13560
admiral	13561
admirer	13562
admiring	13563
adolescent	13564
adopting	13565
adulterers	13566
adventists	13567
adventurous	13568
adversary	13569
advertisement	13570
advisory	13571
ae	13572
af	13573
affection	13574
affective	13575
affirmed	13576
affliction	13577
affront	13578
afterall	13579
afterward	13580
agdc	13581
aggressors	13582
agirl	13583
agitating	13584
agitation	13585
ahem	13586
ahhhh	13587
ahhhhh	13588
aides	13589
airborne	13590
aj	13591
akana	13592
alamo	13593
alarm	13594
alaskas	13595
albas	13596
albatross	13597
albertson	13598
alec	13599
allahu	13600
allepo	13601
allergic	13602
allergies	13603
alley	13604
allude	13605
aloud	13606
alzheimer	13607
amateurs	13608
ambitions	13609
amerika	13610
amortization	13611
amplified	13612
anachronistic	13613
analyze	13614
analyzed	13615
anchortown	13616
andree	13617
andy	13618
anecdote	13619
animus	13620
ankles	13621
anne	13622
annexation	13623
annihilated	13624
annihilation	13625
annoying	13626
ante	13627
antebellum	13628
anthc	13629
anthropogenic	13630
anthropological	13631
anticipation	13632
antics	13633
antipathy	13634
anyhow	13635
apiece	13636
apoplectic	13637
apostasy	13638
applauded	13639
applauding	13640
appreciative	13641
apprehend	13642
appropriateness	13643
approves	13644
apps	13645
aptly	13646
aqua	13647
arabic	13648
arar	13649
archdiocese	13650
archie	13651
arguable	13652
aristocracy	13653
armada	13654
armstrong	13655
arranging	13656
array	13657
arrows	13658
arson	13659
artistic	13660
asexual	13661
ash	13662
ashley	13663
askov	13664
asphalt	13665
aspires	13666
aspiring	13667
assassinating	13668
asserted	13669
asserts	13670
assholes	13671
assists	13672
assorted	13673
assuring	13674
atheism	13675
atrocious	13676
attach	13677
attendants	13678
auction	13679
aus	13680
austin	13681
authenticity	13682
authorization	13683
autocrat	13684
autos	13685
avail	13686
avatar	13687
averages	13688
avg	13689
avoidable	13690
awake	13691
awkward	13692
axis	13693
aziz	13694
aztecs	13695
babbling	13696
babcock	13697
babe	13698
babs	13699
backdrop	13700
badmouthing	13701
baffled	13702
balderdash	13703
ballooned	13704
ballpark	13705
baltic	13706
bananera	13707
bandage	13708
bandits	13709
banging	13710
banon	13711
barbaric	13712
barbary	13713
bared	13714
barest	13715
baron	13716
barrage	13717
barren	13718
barring	13719
bartender	13720
bashed	13721
bautista	13722
bavius	13723
bball	13724
bds	13725
beacon	13726
bean	13727
beaver	13728
beavers	13729
beck	13730
bedrock	13731
befor	13732
beforehand	13733
behaved	13734
behest	13735
behold	13736
belgium	13737
belittle	13738
belittled	13739
belts	13740
beltway	13741
bending	13742
benefiting	13743
benefitting	13744
berated	13745
bering	13746
bermuda	13747
berries	13748
berserk	13749
beset	13750
bestselling	13751
bets	13752
beverages	13753
beyak	13754
biker	13755
bing	13756
bingo	13757
bio	13758
bipolar	13759
birthright	13760
bitterly	13761
bj	13762
blackmail	13763
blackouts	13764
blankets	13765
blasphemy	13766
blinding	13767
blip	13768
bliss	13769
blissful	13770
blizzard	13771
bloc	13772
blogger	13773
blowback	13774
blowhard	13775
blt	13776
blueprint	13777
bluff	13778
blundering	13779
bluto	13780
bnn	13781
boggles	13782
bologna	13783
bolton	13784
bombers	13785
bombshell	13786
bona	13787
bondage	13788
bong	13789
booted	13790
bor	13791
boroughs	13792
borrowed	13793
bots	13794
boundary	13795
bowlen	13796
bows	13797
boyle	13798
brace	13799
brainer	13800
brands	13801
bravado	13802
bravely	13803
brazilian	13804
breadth	13805
breadwinner	13806
breakthrough	13807
brethren	13808
brettanomyces	13809
bricks	13810
briefly	13811
brilliantly	13812
broaden	13813
brokered	13814
bronze	13815
brooklyn	13816
broom	13817
brownie	13818
bruins	13819
brushed	13820
brussels	13821
bsa	13822
bub	13823
buddhist	13824
budgeted	13825
buffoonish	13826
buffs	13827
buggers	13828
bulbs	13829
bumbling	13830
bummer	13831
bumps	13832
bureaucratic	13833
burglar	13834
burial	13835
burka	13836
burner	13837
burqa	13838
bursting	13839
businessmen	13840
busses	13841
busting	13842
butte	13843
butthurt	13844
buzz	13845
byline	13846
bypass	13847
cabs	13848
cadre	13849
cafe	13850
cair	13851
cakes	13852
calculator	13853
caleb	13854
calf	13855
calif	13856
cameron	13857
camouflage	13858
campers	13859
campgrounds	13860
cams	13861
candies	13862
candle	13863
candles	13864
cane	13865
canoeing	13866
cappa	13867
capped	13868
capturing	13869
carcasses	13870
carelessness	13871
carnival	13872
carousel	13873
carrick	13874
carroll	13875
cartoons	13876
carving	13877
cas	13878
caste	13879
catalonia	13880
catastrophes	13881
categorized	13882
cathedral	13883
cathy	13884
causation	13885
cavity	13886
ccw	13887
cd	13888
cdl	13889
ceased	13890
celebrates	13891
cellar	13892
cellphone	13893
censure	13894
centennial	13895
cereal	13896
ceta	13897
cg	13898
chalk	13899
chant	13900
chants	13901
chap	13902
characterized	13903
charismatic	13904
charitably	13905
chartered	13906
charts	13907
chattering	13908
chavez	13909
checker	13910
checkers	13911
cheeks	13912
cheered	13913
cheerleaders	13914
cheeto	13915
chemically	13916
chemotherapy	13917
chenault	13918
chi	13919
childbirth	13920
childcare	13921
chills	13922
chimp	13923
chinabot	13924
choon	13925
chromosome	13926
chronicle	13927
chuckie	13928
chugging	13929
chunks	13930
cib	13931
cigar	13932
circling	13933
circulation	13934
circumstantial	13935
ck	13936
cl	13937
clampett	13938
clan	13939
clandestine	13940
classless	13941
classmate	13942
claw	13943
clay	13944
cleanest	13945
clifton	13946
climb	13947
clips	13948
closeted	13949
cloudy	13950
clout	13951
cluck	13952
cluster	13953
clutch	13954
coates	13955
coats	13956
cobble	13957
coca	13958
cocky	13959
coconut	13960
cod	13961
coercion	13962
cognizant	13963
coherence	13964
coho	13965
coined	13966
coins	13967
cojones	13968
cola	13969
coleman	13970
collaborating	13971
collector	13972
cologne	13973
colonel	13974
colours	13975
colt	13976
colts	13977
coma	13978
comedians	13979
comfortably	13980
comical	13981
comings	13982
commandment	13983
commands	13984
commentaries	13985
commercially	13986
communal	13987
communicator	13988
commuters	13989
companion	13990
companions	13991
compartment	13992
compendium	13993
compensating	13994
competence	13995
complainants	13996
completing	13997
complicate	13998
complications	13999
complied	14000
compost	14001
compounds	14002
compulsive	14003
concealment	14004
conceived	14005
concentrated	14006
concentrating	14007
concessions	14008
concludes	14009
concourse	14010
conditioned	14011
condoned	14012
conduit	14013
confrontational	14014
consenting	14015
consequential	14016
consist	14017
consolidation	14018
conspicuously	14019
conspiracies	14020
consul	14021
consular	14022
contagious	14023
contaminant	14024
contemptible	14025
contenders	14026
contested	14027
continuation	14028
continuous	14029
contradictions	14030
contrarian	14031
cooperated	14032
copays	14033
copd	14034
copper	14035
cordova	14036
cores	14037
corinthians	14038
cormier	14039
cornelius	14040
cornwallis	14041
correcting	14042
correlate	14043
correlated	14044
corrider	14045
costumes	14046
cougar	14047
couillard	14048
couldnt	14049
councilor	14050
counseled	14051
counselor	14052
countable	14053
counterpoint	14054
counterproductive	14055
countrymen	14056
countryside	14057
courier	14058
courtrooms	14059
covenant	14060
coverings	14061
covfefe	14062
coworker	14063
coyne	14064
cpix	14065
cps	14066
cracked	14067
cradle	14068
cradled	14069
crafting	14070
crafts	14071
cram	14072
cramped	14073
cranky	14074
cranston	14075
crayons	14076
credence	14077
crediting	14078
creditors	14079
cried	14080
crippled	14081
criticisms	14082
critiques	14083
critiquing	14084
crock	14085
crookwell	14086
crosby	14087
crossover	14088
crumbling	14089
crusties	14090
crusty	14091
crux	14092
csr	14093
csu	14094
cubans	14095
cubes	14096
cucks	14097
culminating	14098
cultivation	14099
cupich	14100
curbing	14101
curbs	14102
curia	14103
cursory	14104
cushy	14105
cyclone	14106
cynically	14107
cyprian	14108
daesh	14109
dahl	14110
damon	14111
dandy	14112
danny	14113
daring	14114
darned	14115
das	14116
davies	14117
davos	14118
dawn	14119
daytime	14120
dd	14121
deacon	14122
deaconate	14123
debating	14124
debts	14125
decidedly	14126
decimate	14127
decimation	14128
deck	14129
decorum	14130
decreases	14131
decree	14132
decriminalizing	14133
dee	14134
deems	14135
def	14136
defacto	14137
defamatory	14138
defeating	14139
defect	14140
defects	14141
defenders	14142
defenseless	14143
defensively	14144
defiance	14145
defies	14146
deflections	14147
defunded	14148
degrade	14149
degrading	14150
deja	14151
del	14152
deliberative	14153
delighted	14154
deluded	14155
demarais	14156
demeaning	14157
demented	14158
demolished	14159
demons	14160
denials	14161
denigrated	14162
dennison	14163
denny	14164
denominator	14165
dens	14166
dense	14167
dentist	14168
dentists	14169
denunciation	14170
denverpost	14171
depicted	14172
depositing	14173
depraved	14174
depravity	14175
derail	14176
derive	14177
descend	14178
descriptions	14179
designer	14180
despised	14181
despotic	14182
despots	14183
destabilizing	14184
destitute	14185
destroyer	14186
detainees	14187
detectable	14188
detectives	14189
deteriorate	14190
deterioration	14191
detonation	14192
detox	14193
detract	14194
detractors	14195
detrimental	14196
devastated	14197
developmental	14198
develops	14199
devotee	14200
dg	14201
dhss	14202
diaconate	14203
diagnose	14204
dialysis	14205
diane	14206
diary	14207
dictatorships	14208
dietary	14209
diff	14210
differentiates	14211
dignified	14212
digress	14213
diluted	14214
dimension	14215
diminishes	14216
dims	14217
diner	14218
dinosaurs	14219
directing	14220
disagreeable	14221
disavow	14222
discarded	14223
discern	14224
discharge	14225
discharged	14226
discrete	14227
diseased	14228
disenfranchised	14229
disgusts	14230
dished	14231
dishonestly	14232
disillusionment	14233
dismantling	14234
dismayed	14235
disobedience	14236
disorganized	14237
disparate	14238
dispatched	14239
dispersal	14240
displace	14241
displaying	14242
disproven	14243
dissenters	14244
dissolution	14245
distinctly	14246
distorts	14247
distracting	14248
distractions	14249
distressed	14250
disturbs	14251
divergent	14252
diversify	14253
diverts	14254
divest	14255
divulge	14256
dixie	14257
dodges	14258
dole	14259
dominating	14260
donkeloilalaska	14261
dorms	14262
doses	14263
dotard	14264
doubts	14265
doughty	14266
dove	14267
download	14268
downplay	14269
downstairs	14270
dpp	14271
drains	14272
drawer	14273
drawings	14274
dreamer	14275
drenched	14276
dresser	14277
dresses	14278
dressing	14279
drinker	14280
driverless	14281
drooling	14282
droughts	14283
drouin	14284
drown	14285
drump	14286
dsm	14287
dubrovnik	14288
dud	14289
dues	14290
duis	14291
dumbing	14292
dumpster	14293
dunn	14294
dunno	14295
dv	14296
dwarf	14297
dwelling	14298
dye	14299
earliest	14300
earmarked	14301
earnest	14302
eastman	14303
ebt	14304
ecological	14305
economical	14306
edgy	14307
eds	14308
educator	14309
eeo	14310
eeoc	14311
egalitarian	14312
egomaniacs	14313
eighties	14314
electability	14315
electable	14316
elective	14317
electromagnetic	14318
elephants	14319
elicit	14320
elise	14321
emailed	14322
emergencies	14323
emily	14324
eminently	14325
emoticon	14326
emphasize	14327
emphasized	14328
empires	14329
employing	14330
empowerment	14331
encounters	14332
encouragement	14333
encrypted	14334
endlessly	14335
enforces	14336
englanders	14337
enlightening	14338
enrolment	14339
enshrine	14340
entertain	14341
entertainer	14342
entice	14343
entrapment	14344
equating	14345
equivalencies	14346
eradication	14347
erased	14348
err	14349
erroneously	14350
escapades	14351
eskimo	14352
eskom	14353
esteemed	14354
etfs	14355
eugenics	14356
euro	14357
evacuate	14358
evacuation	14359
evaded	14360
evan	14361
evangelization	14362
evasive	14363
evergreen	14364
eviction	14365
evidentiary	14366
exacerbates	14367
exceeding	14368
excerpt	14369
exclamation	14370
excludes	14371
exclusions	14372
excoriated	14373
excrement	14374
exec	14375
exempted	14376
exercises	14377
exhausting	14378
exhaustion	14379
exhaustive	14380
exiled	14381
expansions	14382
expat	14383
expend	14384
explanations	14385
expletive	14386
expletives	14387
explode	14388
exploded	14389
explodes	14390
explorer	14391
explorers	14392
expressions	14393
extensions	14394
externalities	14395
extorted	14396
extracted	14397
extravagant	14398
f1	14399
fa	14400
fabricate	14401
facetious	14402
facial	14403
factcheck	14404
fad	14405
fade	14406
failings	14407
faire	14408
faiths	14409
fallacious	14410
fanatical	14411
fanaticism	14412
fanciful	14413
farage	14414
farmed	14415
fas	14416
fasting	14417
fated	14418
fathom	14419
favorably	14420
favoring	14421
favourites	14422
fb	14423
fda	14424
fearless	14425
fearsome	14426
feast	14427
fec	14428
fedex	14429
feign	14430
feminine	14431
feminization	14432
ferguson	14433
ferret	14434
ferries	14435
fertility	14436
fertilizer	14437
fetal	14438
fetish	14439
fi	14440
fickle	14441
fidelium	14442
fiduciary	14443
fillon	14444
filtered	14445
filth	14446
fin	14447
finesse	14448
fingernails	14449
fingerprints	14450
fireman	14451
firewood	14452
fists	14453
fitzgerald	14454
fixtures	14455
flaming	14456
flare	14457
flashbacks	14458
flavor	14459
fledgling	14460
fleeced	14461
fleecing	14462
flimsy	14463
fling	14464
floodgates	14465
floods	14466
flops	14467
floridians	14468
flourish	14469
flourishing	14470
flowering	14471
floyd	14472
fluctuate	14473
flunkies	14474
flyer	14475
fog	14476
folded	14477
folds	14478
fondly	14479
forbids	14480
forcible	14481
forecasts	14482
forefront	14483
forestry	14484
forfeit	14485
forming	14486
forrest	14487
fp	14488
framed	14489
framing	14490
franklin	14491
frauds	14492
freddie	14493
freebies	14494
frequency	14495
freshly	14496
fricken	14497
fridge	14498
fried	14499
fritz	14500
frontline	14501
frothing	14502
frustrations	14503
fueling	14504
fuhrer	14505
fukushima	14506
functionally	14507
funneled	14508
funnier	14509
funniest	14510
futility	14511
gabe	14512
gadget	14513
gag	14514
gage	14515
galchenyuk	14516
galleries	14517
galore	14518
gals	14519
gaming	14520
gangsta	14521
garland	14522
garnered	14523
gasping	14524
gated	14525
gd	14526
geesh	14527
genetically	14528
geniuses	14529
germs	14530
gestapo	14531
gf	14532
ghost	14533
gianforte	14534
gibson	14535
gics	14536
giessel	14537
gigantic	14538
giggle	14539
gimmie	14540
giraffe	14541
girdwood	14542
girly	14543
gitmo	14544
gland	14545
glbt	14546
gleaned	14547
glo	14548
glock	14549
glycemic	14550
gmd	14551
gmds	14552
gmos	14553
goalposts	14554
gobbledygook	14555
goddess	14556
goebbels	14557
goins	14558
golfers	14559
gondii	14560
goodale	14561
gooders	14562
goofy	14563
googled	14564
googling	14565
goon	14566
gordhan	14567
gp	14568
gq	14569
gr	14570
grabbers	14571
graces	14572
grads	14573
gradual	14574
grandeur	14575
grandpa	14576
graph	14577
gratitude	14578
gratuitous	14579
gravely	14580
gravitational	14581
gravy	14582
grease	14583
greenhouses	14584
greening	14585
greenpeace	14586
greenwood	14587
greer	14588
greeting	14589
greinke	14590
grenada	14591
grievance	14592
grieve	14593
grifter	14594
grit	14595
groundwater	14596
groundwork	14597
grouping	14598
grove	14599
grover	14600
growler	14601
grubbing	14602
grueling	14603
guam	14604
guarding	14605
guatemala	14606
gubmint	14607
gubmut	14608
guitar	14609
gummy	14610
gunmen	14611
gunning	14612
guv	14613
h2	14614
habitually	14615
hacklordwiz	14616
haddith	14617
haircut	14618
hairy	14619
halfway	14620
halifax	14621
hallmarks	14622
hammers	14623
hammond	14624
hancock	14625
handbook	14626
handles	14627
handyman	14628
hangers	14629
hangs	14630
hanson	14631
haole	14632
hapless	14633
harboring	14634
harbors	14635
harbour	14636
hardball	14637
hardest	14638
hardworking	14639
harpercons	14640
harshly	14641
harvesting	14642
hash	14643
hassle	14644
hastily	14645
hatch	14646
hatcheries	14647
hatchet	14648
haunting	14649
havens	14650
haves	14651
hawk	14652
hazardous	14653
hazards	14654
header	14655
healed	14656
healthiest	14657
heather	14658
hebrew	14659
hegemony	14660
helen	14661
helio	14662
heloc	14663
henein	14664
herding	14665
herds	14666
hereby	14667
herman	14668
hernandez	14669
heroine	14670
herr	14671
heyerdahl	14672
hick	14673
hickel	14674
hicks	14675
hides	14676
highlighted	14677
hijack	14678
hikers	14679
hillbillies	14680
hillbilly	14681
hillside	14682
hilter	14683
hilyard	14684
hindering	14685
hinduism	14686
hing	14687
hippie	14688
hirono	14689
hiroshima	14690
hitch	14691
hjr	14692
hoarding	14693
hobbs	14694
hodgkinson	14695
homage	14696
hombres	14697
homelands	14698
homilies	14699
homophobe	14700
hon	14701
honda	14702
honeymoon	14703
honorably	14704
honoring	14705
honors	14706
honourable	14707
hoo	14708
hormones	14709
hortons	14710
hose	14711
hostages	14712
hosted	14713
hosting	14714
housed	14715
howl	14716
hra	14717
hs	14718
hta	14719
hub	14720
huckabee	14721
huff	14722
huffing	14723
huggers	14724
hughes	14725
humidity	14726
humiliate	14727
humiliating	14728
humming	14729
humorless	14730
hungary	14731
hvac	14732
hydrocarbon	14733
hymns	14734
hyped	14735
hyperbolic	14736
hypothetical	14737
icon66	14738
iconic	14739
icons	14740
idaho	14741
ideally	14742
ideologues	14743
iearned	14744
ignatius	14745
ignominious	14746
ilh	14747
illiterate	14748
illnesses	14749
illustrious	14750
immaculate	14751
immaterial	14752
immense	14753
immigrated	14754
immorality	14755
impatient	14756
impeded	14757
impediment	14758
implant	14759
implants	14760
implicit	14761
imploding	14762
impoverished	14763
impropriety	14764
inadvertently	14765
inbreeding	14766
incentivize	14767
incest	14768
incidences	14769
incomprehensible	14770
inconsiderate	14771
incontrovertible	14772
inconvenienced	14773
incorporating	14774
incorporation	14775
incremental	14776
incrementally	14777
incur	14778
indebted	14779
indisputable	14780
individuality	14781
indoctrinate	14782
indoor	14783
inexplicable	14784
infallibility	14785
infects	14786
infested	14787
infighting	14788
infiltrated	14789
infiltration	14790
inflame	14791
inflate	14792
inflection	14793
inflow	14794
influx	14795
infowars	14796
infraction	14797
infringes	14798
ingrained	14799
initiation	14800
injections	14801
inland	14802
inna	14803
innocents	14804
inputs	14805
insert	14806
insidious	14807
inspected	14808
inspectors	14809
instagram	14810
installs	14811
instigate	14812
instigated	14813
instruct	14814
instrument	14815
insulate	14816
insulin	14817
insulted	14818
insurgency	14819
integral	14820
intelligently	14821
intensely	14822
intentioned	14823
interactive	14824
interdiction	14825
interferes	14826
interment	14827
internally	14828
interracial	14829
intervened	14830
intervening	14831
interviewer	14832
interviewing	14833
intimates	14834
intoxication	14835
intrusive	14836
invective	14837
invites	14838
io	14839
ioc	14840
iodine	14841
ions	14842
iphone	14843
irregularities	14844
irrelevance	14845
irreplaceable	14846
irrespective	14847
irresponsibly	14848
isds	14849
iser	14850
islamophobic	14851
isolate	14852
iss	14853
issuance	14854
iteration	14855
jackets	14856
jade	14857
jagmeet	14858
jamaica	14859
jams	14860
janet	14861
jangm	14862
jeans	14863
jeb	14864
jeito	14865
jenny	14866
jeopardizing	14867
jewels	14868
jff	14869
jh	14870
jinping	14871
jock	14872
jocks	14873
jointly	14874
jonas	14875
josh	14876
joys	14877
juanita	14878
judeo	14879
jughead	14880
julie	14881
jumps	14882
junkies	14883
justifiably	14884
juveniles	14885
kadri	14886
kai	14887
kailua	14888
kaiser	14889
kampf	14890
kangaroo	14891
kate	14892
katie	14893
ke	14894
kea	14895
kealohas	14896
ked	14897
keeper	14898
keiki	14899
keillor	14900
kendzior	14901
kff	14902
khadir	14903
ki	14904
kicker	14905
kidney	14906
kiev	14907
kilo	14908
kilometers	14909
kimmel	14910
kindly	14911
kissing	14912
kitchener	14913
kitty	14914
kneelers	14915
knitting	14916
knots	14917
knowles	14918
knuckle	14919
kobayashi	14920
kona	14921
kook	14922
koolaid	14923
koolaide	14924
kpmg	14925
kratom	14926
kris	14927
kumbaya	14928
kurgan	14929
kurt	14930
kurtz	14931
kuwait	14932
kwh	14933
labelled	14934
labelling	14935
laced	14936
ladin	14937
laffing	14938
lago	14939
laicized	14940
laine	14941
lamahieu	14942
laments	14943
landfill	14944
landline	14945
langley	14946
lanka	14947
lap	14948
lapdogs	14949
largesse	14950
laser	14951
lash	14952
latimes	14953
latitudes	14954
lauded	14955
launching	14956
laurentian	14957
lava	14958
lawns	14959
layer	14960
layoff	14961
lb	14962
lcbo	14963
lcc	14964
leaky	14965
leans	14966
learnt	14967
lectured	14968
leech	14969
leftie	14970
legacies	14971
legged	14972
legislated	14973
lei	14974
leisure	14975
lela	14976
lemmings	14977
lenders	14978
lends	14979
lengthen	14980
lenient	14981
leninist	14982
lent	14983
lessor	14984
lester	14985
lethbridge	14986
levant	14987
lexicon	14988
liberally	14989
librarian	14990
licences	14991
licks	14992
lieu	14993
lifetimes	14994
lighten	14995
likening	14996
limbs	14997
limousines	14998
lineup	14999
lion	15000
listener	15001
listens	15002
lit	15003
lite	15004
literate	15005
litigated	15006
litres	15007
livelihood	15008
lobbies	15009
lobster	15010
localized	15011
locking	15012
lodo	15013
logs	15014
longline	15015
longstanding	15016
longtime	15017
looney	15018
lordy	15019
loudmouth	15020
louise	15021
lout	15022
loyalists	15023
lucas	15024
lukecanada	15025
lunacy	15026
lunches	15027
lungs	15028
luring	15029
lutheran	15030
lynched	15031
lynne	15032
machinery	15033
madame	15034
madman	15035
magaphants	15036
mailing	15037
maim	15038
mainstays	15039
maintains	15040
malarkey	15041
maliciously	15042
malls	15043
mama	15044
mammals	15045
mandarin	15046
maneuver	15047
mans	15048
maple	15049
marble	15050
marina	15051
maritime	15052
maritimes	15053
mars	15054
martial	15055
martyr	15056
martyrs	15057
maryland	15058
masonic	15059
masons	15060
masquerading	15061
massey	15062
mastermind	15063
materially	15064
mathematician	15065
mats	15066
mauna	15067
mayhem	15068
mayoral	15069
mazda	15070
mazie	15071
mc	15072
mcfd	15073
mcmahon	15074
mcmansions	15075
mcveigh	15076
meager	15077
measurement	15078
meats	15079
mecca	15080
mediation	15081
medically	15082
mediocre	15083
meek	15084
megalomaniac	15085
meggsy	15086
mein	15087
memorable	15088
mens	15089
merge	15090
metabolic	15091
meteor	15092
mex	15093
mia	15094
miano	15095
microwave	15096
midst	15097
milankovitch	15098
militias	15099
millenials	15100
millennium	15101
mimicking	15102
mindful	15103
minimizing	15104
ministries	15105
minivan	15106
minnery	15107
mins	15108
minster	15109
miracles	15110
misandry	15111
misappropriated	15112
misbehavior	15113
miscreants	15114
misdirection	15115
misplaced	15116
missionary	15117
misspelled	15118
mistakenly	15119
mister	15120
mistreated	15121
mixture	15122
mj	15123
mlas	15124
mnuchin	15125
moa	15126
mobil	15127
moderates	15128
moderators	15129
modernists	15130
modernize	15131
mole	15132
momentous	15133
monogamy	15134
monsef	15135
montrealers	15136
monty	15137
mooch	15138
moped	15139
morale	15140
mornings	15141
moroccan	15142
moslems	15143
motel	15144
moths	15145
mourning	15146
mouse	15147
mouthing	15148
mouthpieces	15149
msp	15150
muddled	15151
mugabe	15152
muhammad	15153
multimillionaire	15154
multiplier	15155
multiply	15156
muppet	15157
murdoch	15158
murky	15159
muscles	15160
mustang	15161
mustard	15162
muted	15163
muzzle	15164
mvp	15165
mylett	15166
mysteriously	15167
naivete	15168
narratives	15169
nary	15170
nas	15171
nastiness	15172
natal	15173
nationalistic	15174
naught	15175
nauseam	15176
naw	15177
naziism	15178
nborn	15179
nc	15180
nea	15181
nearing	15182
neatly	15183
nebraska	15184
ned	15185
nefarious	15186
negates	15187
negativism	15188
nei	15189
neocon	15190
nep	15191
nephew	15192
netenyahu	15193
nether	15194
neural	15195
newbies	15196
newsflash	15197
ngos	15198
nic	15199
nicest	15200
niche	15201
nifty	15202
nigeria	15203
nigh	15204
nimbyism	15205
ninja	15206
ninth	15207
niqabs	15208
nissan	15209
nit	15210
nm	15211
noam	15212
nominally	15213
nonviolence	15214
normalizing	15215
nostalgic	15216
noteworthy	15217
nothingness	15218
notices	15219
notified	15220
notify	15221
nova	15222
novatian	15223
novelty	15224
npa	15225
nrcan	15226
nt	15227
nudge	15228
nui	15229
numbing	15230
nuns	15231
nurturing	15232
nutritional	15233
nutshell	15234
nutty	15235
nw	15236
nz	15237
oaths	15238
obamas	15239
obedient	15240
obeyed	15241
obeying	15242
obfuscate	15243
objectively	15244
obon	15245
obscurity	15246
observer	15247
observers	15248
observing	15249
obsessive	15250
obstructed	15251
obummer	15252
occupations	15253
occupies	15254
oecd	15255
offsetting	15256
oftentimes	15257
ogre	15258
oils	15259
oj	15260
olcc	15261
omb	15262
onion	15263
onkey	15264
onp	15265
onramp	15266
onward	15267
ooh	15268
ooo	15269
opa	15270
opaque	15271
opiod	15272
optimist	15273
oral	15274
orca	15275
ordeal	15276
ordering	15277
organisation	15278
organizing	15279
oriental	15280
orphans	15281
osfi	15282
ott	15283
ottoman	15284
oui	15285
ousted	15286
outdoor	15287
outed	15288
outfield	15289
outfits	15290
outing	15291
outings	15292
outlaw	15293
outplayed	15294
outset	15295
outspend	15296
outspent	15297
overbearing	15298
overcharged	15299
overcoming	15300
overdone	15301
overdose	15302
overflow	15303
overflowing	15304
overlooking	15305
overlords	15306
overpaid	15307
overrule	15308
oversized	15309
overspending	15310
overtly	15311
overuse	15312
overview	15313
owing	15314
owl	15315
oxymoronic	15316
pablum	15317
pacs	15318
paddock	15319
padres	15320
paints	15321
pandora17	15322
panicking	15323
panties	15324
pantsuit	15325
parading	15326
paramilitary	15327
parochial	15328
parroting	15329
parrots	15330
parry	15331
parted	15332
participated	15333
partnered	15334
passer	15335
passports	15336
pasted	15337
patents	15338
pathetically	15339
pathology	15340
patrolling	15341
patrols	15342
patronizing	15343
pats	15344
patting	15345
pau	15346
pauline	15347
pawn	15348
payback	15349
payoffs	15350
pbgf	15351
peasants	15352
peculiar	15353
pedal	15354
pedantic	15355
peddling	15356
pedo	15357
peeping	15358
penchant	15359
penguins	15360
penicillin	15361
pennsylvanians	15362
pensioners	15363
pentecost	15364
peons	15365
performer	15366
performers	15367
perfume	15368
perpetuated	15369
perpetuates	15370
perplexed	15371
personhood	15372
persuasion	15373
perth	15374
pervert	15375
pests	15376
petitions	15377
petrows	15378
pettiness	15379
pfds	15380
ph	15381
phantom	15382
pharisees	15383
phoned	15384
photographer	15385
photovoltaics	15386
piano	15387
piercy	15388
piles	15389
pilfering	15390
pilgrim	15391
piloting	15392
pinko	15393
pioneer	15394
piper	15395
pitched	15396
pitcher	15397
pitiful	15398
pizzagate	15399
placard	15400
planets	15401
plank	15402
planner	15403
plantations	15404
plastics	15405
playgrounds	15406
plumbers	15407
plumbing	15408
plummeted	15409
pmo	15410
png	15411
pnw	15412
pod	15413
podium	15414
polarisation	15415
polarization	15416
polarized	15417
polices	15418
politic	15419
politicized	15420
politico	15421
pols	15422
polyandry	15423
polygraph	15424
polynesian	15425
polynesians	15426
pompous	15427
pono	15428
pontiff	15429
poop	15430
poorest	15431
poplak	15432
popped	15433
poppycock	15434
pos	15435
posse	15436
possessive	15437
potash	15438
potent	15439
pothead	15440
potheads	15441
potty	15442
pounding	15443
poured	15444
powerpost	15445
pq	15446
pratt	15447
pravda	15448
prayed	15449
prc	15450
preacher	15451
preaches	15452
precarious	15453
precautions	15454
preceded	15455
precept	15456
precincts	15457
preclude	15458
precludes	15459
preconstruction	15460
predecessors	15461
preening	15462
prefect	15463
prelates	15464
prep	15465
prepares	15466
presentations	15467
preservatives	15468
presses	15469
pressuring	15470
prestigious	15471
presumptuous	15472
pretender	15473
pretends	15474
pretenses	15475
prevails	15476
prevalence	15477
preventive	15478
pri	15479
prides	15480
prima	15481
prioritizes	15482
prioritizing	15483
prisoner	15484
privates	15485
processors	15486
proclaim	15487
proclamation	15488
procreation	15489
procurement	15490
productions	15491
profane	15492
profs	15493
programmers	15494
progressivism	15495
prolonging	15496
promotions	15497
prompted	15498
pronouns	15499
propagated	15500
propensity	15501
prophecy	15502
prophetic	15503
prophets	15504
propped	15505
proprietary	15506
prosecuter	15507
prosecutorial	15508
protested	15509
protocols	15510
proverbs	15511
provocation	15512
provocative	15513
psalm	15514
psychiatry	15515
publics	15516
publishers	15517
pueblo	15518
puget	15519
pulitzer	15520
pumps	15521
punishable	15522
puppies	15523
pups	15524
purdue	15525
purge	15526
purposefully	15527
pushback	15528
putrumpski	15529
puzzling	15530
pyramid	15531
qa	15532
quake	15533
quantities	15534
quantum	15535
quash	15536
quebecers	15537
quebeckers	15538
quicker	15539
quintile	15540
ra	15541
racialized	15542
rae	15543
raff	15544
ragging	15545
raiding	15546
raids	15547
railroads	15548
rainbows	15549
raiser	15550
rammed	15551
ramped	15552
ranches	15553
rangermc	15554
rankings	15555
rarity	15556
rash	15557
rasmuson	15558
ration	15559
rationalization	15560
rationalizing	15561
ratios	15562
rattling	15563
rave	15564
raven	15565
raza	15566
rbi	15567
readiness	15568
reaffirmed	15569
realdonaldtrump	15570
realised	15571
realtor	15572
reaping	15573
reassignment	15574
reassured	15575
rebate	15576
rebuilt	15577
rebut	15578
recalled	15579
recalls	15580
recanted	15581
receiver	15582
recess	15583
recidivism	15584
reciting	15585
recommending	15586
reconnect	15587
reconstruction	15588
recovering	15589
recovers	15590
recuse	15591
recused	15592
recycled	15593
redacted	15594
redeemed	15595
redmond	15596
reductionist	15597
reefs	15598
reelected	15599
referenda	15600
referrals	15601
refineries	15602
reflexes	15603
refunds	15604
refuted	15605
regents	15606
regina	15607
regionals	15608
regrettably	15609
regretting	15610
regularity	15611
regulators	15612
regurgitated	15613
rehabilitate	15614
rehabilitated	15615
reid	15616
reigning	15617
reinforcing	15618
reintroduce	15619
reinvent	15620
reinvestment	15621
rejoice	15622
reliably	15623
reliant	15624
religiosity	15625
relocating	15626
reluctantly	15627
remarried	15628
remedies	15629
remembrance	15630
renaissance	15631
render	15632
reneged	15633
renowned	15634
reopened	15635
repairing	15636
repatriated	15637
repost	15638
reposted	15639
republica	15640
requesting	15641
requisite	15642
resentful	15643
resides	15644
resolutions	15645
respectively	15646
responders	15647
responds	15648
responsive	15649
restitution	15650
restores	15651
restructure	15652
resurgence	15653
retained	15654
rethinking	15655
retraining	15656
retrofits	15657
reunification	15658
revamp	15659
revert	15660
revisions	15661
revolutions	15662
rewriting	15663
rezoning	15664
ricans	15665
richly	15666
riff	15667
rigidity	15668
rigidly	15669
riley	15670
ringing	15671
ripper	15672
ripping	15673
riverview	15674
rnc	15675
roadblocks	15676
roam	15677
roaming	15678
robarts	15679
robbed	15680
robberies	15681
roberts	15682
robo	15683
rochdale	15684
rodney	15685
rofl	15686
rok	15687
rolex	15688
romania	15689
rookies	15690
roommate	15691
rooting	15692
rosa	15693
roses	15694
rosie	15695
rotary	15696
rotating	15697
roth	15698
rotting	15699
rounded	15700
rowing	15701
rox	15702
royals	15703
ruderman	15704
rugby	15705
rui	15706
ruler	15707
rulers	15708
rulings	15709
rupert	15710
russell	15711
rusted	15712
rusty	15713
ruth	15714
sacristy	15715
saga	15716
saguenay	15717
sails	15718
sainthood	15719
sainz	15720
sajjan	15721
salem	15722
salon	15723
samaritan	15724
sandwiches	15725
sanely	15726
saps	15727
satanic	15728
savior	15729
saviour	15730
sawant	15731
scammed	15732
scan	15733
scandalous	15734
scandinavian	15735
scapegoating	15736
scapegoats	15737
scar	15738
scarborough	15739
scarf	15740
scaring	15741
scf	15742
sch	15743
schizophrenia	15744
schmuck	15745
schooled	15746
schoolers	15747
schtick	15748
schwartz	15749
scoc	15750
scoop	15751
scottish	15752
scourge	15753
screeds	15754
screened	15755
screenings	15756
screens	15757
screws	15758
scruples	15759
scrutinized	15760
scumbags	15761
sealaska	15762
secularism	15763
securities	15764
sedan	15765
seeker	15766
seeps	15767
seismic	15768
seizing	15769
selves	15770
semite	15771
sence	15772
senile	15773
sensationalized	15774
sensus	15775
separatist	15776
septic	15777
sequitur	15778
servicemen	15779
settings	15780
severity	15781
sexes	15782
sfo	15783
shabby	15784
shaky	15785
shanahan	15786
shanghai	15787
shannyn	15788
shar	15789
shariah	15790
sharpton	15791
shawn	15792
shedding	15793
sheeple	15794
shingles	15795
shirley	15796
shook	15797
shorelines	15798
shortfall	15799
shoving	15800
shreds	15801
shrinks	15802
shuffle	15803
shurtz	15804
shuttle	15805
sid	15806
sidelines	15807
signaling	15808
silently	15809
similarities	15810
simpletons	15811
simultaneous	15812
sinister	15813
sixties	15814
sjws	15815
skating	15816
skeleton	15817
skeletons	15818
skim	15819
skipping	15820
skull	15821
skytrain	15822
slain	15823
slammed	15824
slandering	15825
slang	15826
sleepy	15827
sleezy	15828
slides	15829
sling	15830
slinging	15831
slips	15832
slogan	15833
slum	15834
slums	15835
smartergovernmentwa	15836
smears	15837
smelly	15838
smog	15839
smokescreen	15840
smuggling	15841
smugness	15842
snacks	15843
sneer	15844
sneered	15845
sniff	15846
sniffing	15847
snipers	15848
snort	15849
snowball	15850
snuff	15851
soaked	15852
soaring	15853
sociological	15854
socred	15855
soiled	15856
sola	15857
soldotna	15858
solicited	15859
somali	15860
sony	15861
sooooo	15862
sophomoric	15863
sorghum	15864
sorrow	15865
sorta	15866
soulless	15867
sourcing	15868
sox	15869
sp	15870
spades	15871
spaniards	15872
spared	15873
specially	15874
specialty	15875
spectre	15876
speeders	15877
spencer	15878
spherical	15879
spied	15880
spirits	15881
spiteful	15882
spoil	15883
spoiler	15884
sponsorship	15885
spotted	15886
sprawling	15887
sprinkled	15888
spurred	15889
spurs	15890
squeezed	15891
squirrels	15892
ssdi	15893
stab	15894
stabbing	15895
stabilize	15896
stadiums	15897
stalker	15898
stamina	15899
stan	15900
standby	15901
standpoint	15902
starring	15903
statesman	15904
static	15905
stationary	15906
steals	15907
stealth	15908
steelworkers	15909
stems	15910
stench	15911
steroids	15912
stevie	15913
stewardship	15914
stickers	15915
stifling	15916
stigma	15917
stinkweed	15918
stint	15919
stocked	15920
stocking	15921
stoking	15922
stoners	15923
stoopid	15924
stove	15925
straighten	15926
straits	15927
stranglehold	15928
streaming	15929
stretched	15930
strewn	15931
strides	15932
strips	15933
strokes	15934
stroll	15935
stumps	15936
stupider	15937
stupidest	15938
stutes	15939
stv	15940
styled	15941
subdue	15942
submarines	15943
subordinates	15944
subsidization	15945
substantiation	15946
subtract	15947
suburb	15948
subversive	15949
subvert	15950
succession	15951
successor	15952
sufficiency	15953
sugars	15954
sugary	15955
suitcase	15956
suite	15957
sunglasses	15958
supermarkets	15959
supplement	15960
suprised	15961
surfing	15962
surgeries	15963
surmise	15964
surveyed	15965
susceptible	15966
susie	15967
suspiciously	15968
sustainably	15969
suzuki	15970
sw	15971
swamped	15972
swat	15973
swaying	15974
swearing	15975
swedes	15976
swetland	15977
swiftly	15978
swinging	15979
swings	15980
swipe	15981
swore	15982
syd	15983
syllable	15984
sylvia	15985
sympathies	15986
sync	15987
t50a	15988
tabatha	15989
taboo	15990
tackles	15991
tackling	15992
tactical	15993
taints	15994
taj	15995
talib	15996
tally	15997
tame	15998
tanf	15999
tanked	16000
tantrums	16001
tapia	16002
tara	16003
tasted	16004
tat	16005
tbc	16006
te	16007
teat	16008
tebow	16009
tee	16010
teenage	16011
teh	16012
telecom	16013
temerity	16014
temperament	16015
temporal	16016
temptation	16017
tempting	16018
tenet	16019
terminate	16020
testifying	16021
tetzel	16022
texans	16023
thanked	16024
thanksgiving	16025
thaw	16026
theorist	16027
therapies	16028
theres	16029
theresa	16030
theses	16031
thievery	16032
thine	16033
thingy	16034
thirteen	16035
thomistic	16036
thor	16037
throttle	16038
throwback	16039
thumb	16040
thunder	16041
ti	16042
ticking	16043
tidy	16044
tien	16045
tighten	16046
tighter	16047
tightly	16048
timers	16049
tinfoil	16050
tinkering	16051
tinyurl	16052
tirelessly	16053
titanic	16054
toil	16055
tomahawk	16056
tommy	16057
tones	16058
toothless	16059
tort	16060
touchdowns	16061
tours	16062
touted	16063
touting	16064
touts	16065
township	16066
toxins	16067
traces	16068
tractor	16069
trad	16070
traditionalist	16071
traditionalists	16072
trainers	16073
trampled	16074
transferable	16075
transform	16076
transforming	16077
translated	16078
transpired	16079
transplants	16080
traps	16081
travelled	16082
traveller	16083
travis	16084
tread	16085
treb	16086
trespass	16087
trey	16088
tri	16089
trifecta	16090
triggers	16091
tripled	16092
trite	16093
tropes	16094
trophies	16095
trot	16096
trout	16097
tru	16098
trumpf	16099
trumpsters	16100
trusting	16101
tsunami	16102
tu	16103
tunisia	16104
turban	16105
turfed	16106
turkish	16107
turnaround	16108
turncoat	16109
turtle	16110
tut	16111
tweak	16112
tweeter	16113
twinning	16114
twisting	16115
twy	16116
ty	16117
typed	16118
tyrannical	16119
tyrants	16120
ubi	16121
ubiquitous	16122
ucp	16123
ugh	16124
uhh	16125
ukip	16126
ukrainians	16127
ummah	16128
unambiguously	16129
unanswered	16130
unavailable	16131
uncalled	16132
unceded	16133
unchanged	16134
unclear	16135
unconscionable	16136
unconscious	16137
undercover	16138
underfunding	16139
undergoing	16140
undergone	16141
undergraduate	16142
understandings	16143
undertaken	16144
undertaking	16145
undone	16146
unduly	16147
unearned	16148
unending	16149
unenforceable	16150
unfold	16151
unhelpful	16152
unicorns	16153
uniformed	16154
unify	16155
uniquely	16156
unison	16157
uniting	16158
unjustly	16159
unloaded	16160
unlocked	16161
unmasking	16162
unprofessional	16163
unpunished	16164
unreal	16165
unregulated	16166
unreliable	16167
unrepentant	16168
unscrupulous	16169
unsheltered	16170
unsightly	16171
unspoken	16172
unsuccessfully	16173
unsupervised	16174
unsurprising	16175
untruth	16176
unwittingly	16177
updates	16178
upped	16179
uproar	16180
upscale	16181
upsets	16182
upward	16183
usd	16184
usda	16185
usefulness	16186
username	16187
usibelli	16188
usurp	16189
utilitas	16190
utley	16191
uttered	16192
utters	16193
uw	16194
val	16195
validating	16196
validly	16197
valuation	16198
vancouverites	16199
vantage	16200
vape	16201
vaping	16202
variance	16203
varieties	16204
vendetta	16205
vengeance	16206
vent	16207
ver	16208
verbose	16209
verge	16210
verification	16211
veritable	16212
verizon	16213
vernacular	16214
versa	16215
vertical	16216
vest	16217
viagra	16218
victories	16219
vid	16220
vik	16221
vilifying	16222
vine	16223
vintage	16224
violet	16225
viral	16226
virginian	16227
virginians	16228
visitation	16229
vitrification	16230
volcano	16231
volcanoes	16232
voodoo	16233
vos	16234
vying	16235
waaaah	16236
waco	16237
waging	16238
wai	16239
wailing	16240
waitress	16241
waiving	16242
wally	16243
wards	16244
wares	16245
warms	16246
washroom	16247
wasnt	16248
wasp	16249
watchdog	16250
wayne	16251
wayward	16252
weaknesses	16253
wealthsimple	16254
webs	16255
websters	16256
weighed	16257
welland	16258
wellbeing	16259
westminster	16260
wether	16261
wf	16262
whataboutism	16263
whereby	16264
whichever	16265
whim	16266
whiskey	16267
whittier	16268
wholesale	16269
wi	16270
widget	16271
wielded	16272
wil	16273
willy	16274
windsor	16275
windswept	16276
wiretapping	16277
withdrawing	16278
withheld	16279
wits	16280
wizard	16281
wk	16282
wmc	16283
wohlforth	16284
woo	16285
wooden	16286
workload	16287
worsening	16288
wreckage	16289
wrecked	16290
wrenching	16291
wrestling	16292
wright	16293
wring	16294
wronged	16295
wsj	16296
wwe	16297
wweek	16298
wyoming	16299
xiii	16300
y2k	16301
yadda	16302
yahoos	16303
yale	16304
yankees	16305
yanks	16306
yorkers	16307
yuck	16308
yum	16309
zach	16310
zeal	16311
zeitgeist	16312
zika	16313
zinc	16314
zionism	16315
